fast,slow,W1,W2,W3,mean,wins,trades
3,15,+40211,+818684,+684775,514557,3,9526
3,26,-18411,+868538,+562821,470983,2,7790
3,34,-97258,+758942,+471063,377582,2,7121
3,55,-21949,+764881,+224129,322354,2,5951
5,15,+73884,+760987,+411895,415589,3,8190
5,26,+147559,+639304,+383901,390255,3,6594
5,34,+43069,+560517,+140061,247882,3,5915
5,55,-8999,+700587,+37455,243014,2,4819
8,15,+96087,+697703,+242449,345413,3,6862
8,26,+190946,+706870,-26501,290438,2,5305
8,34,-50472,+532736,-11056,157069,1,4736
8,55,-44533,+675052,+16937,215819,2,3794
13,15,+206437,+731303,+59968,332569,3,5452
13,26,+107928,+651894,-76312,227837,2,4282
13,34,-9122,+439275,+37408,155854,2,3785
13,55,-40199,+420630,-8212,124073,1,2935
21,26,+10334,+445635,+11904,155958,3,3323
21,34,-114300,+342417,+76267,101461,2,2951
21,55,-58624,+271010,+64431,92272,2,2183
