tf,side,W1,W2,W3,mean,wins,trades
5m,short,-21095867,-17801313,-20074520,-19657233,0,145331
5m,both,-44279376,-37165316,-39368152,-40270948,0,262890
15m,short,+0,+0,+0,0,0,0
15m,both,+0,+0,+0,0,0,0
30m,short,-2500417,-1348957,-1089875,-1646416,0,28263
30m,both,-5239723,-2910089,-4088866,-4079559,0,48376
1H,short,-1163260,-841803,-577728,-860930,0,18813
1H,both,-2448017,-1724609,-2060737,-2077788,0,32410
2H,short,-79866,-45404,+449511,108080,1,10409
2H,both,-783167,-380161,-378742,-514023,0,18186
4H,short,+175021,+645812,+65044,295292,3,5572
4H,both,+150700,+636696,-205968,193809,2,9371
1D,short,-37137,+61997,+102523,42461,2,679
1D,both,+129528,+91830,+37277,86212,3,1361
