rr,maxhold,W1,W2,W3,mean,wins,trades
2,168,+150430,+239499,-77106,104274,2,6374
2,336,+130242,+240002,-68520,100575,2,6300
2,504,+135983,+237235,-66467,102250,2,6274
2,720,+138154,+230895,-74375,98225,2,6257
3,168,+142296,+323793,-60854,135078,2,6321
3,336,+117280,+318574,-20153,138567,2,6141
3,504,+128432,+327281,-18931,145594,2,6056
3,720,+137443,+299974,-31297,135373,2,5989
4,168,+166116,+453504,-116744,167625,2,6266
4,336,+139409,+468759,-59519,182883,2,5996
4,504,+158074,+475243,-32144,200391,2,5872
4,720,+168018,+418627,-63707,174313,2,5772
6,168,+226885,+612423,-86573,250912,2,6206
6,336,+160934,+618140,+40541,273205,3,5806
6,504,+175021,+645812,+65044,295292,3,5572
6,720,+161767,+541754,+58547,254023,3,5399
8,168,+320703,+782979,-190137,304515,2,6183
8,336,+264556,+792792,-71234,328705,2,5711
8,504,+261533,+862077,-9929,371227,2,5404
8,720,+217717,+684008,-2869,299619,2,5175
10,168,+338669,+836457,-240655,311490,2,6171
10,336,+287789,+837704,-152336,324386,2,5624
10,504,+249137,+898021,-76713,356815,2,5244
10,720,+195480,+691912,-8644,292916,2,4975
