symbol,net_usd,trades,wins,wr_pct,deployed,daily_kurt,daily_skew,funding_mean_8h,funding_pct_pos,funding_std_8h,listing_age_days,mean_daily_vol_m,mean_price,vol_ann_pct
1000SHIBUSDT,42560.35,118,26,22.033898305084744,1,18.65982531559,0.705008146512794,3.356283125915081e-05,0.7295021961932651,0.00048157988656406044,1816,420.59959842971915,0.014639044578976334,112.71030400078574
1INCHUSDT,50653.12,133,31,23.308270676691727,1,8.00731538264431,-0.41447283436744103,7.810344686648501e-05,0.7532356948228883,0.00047951173945897345,1952,48.43719490996006,1.0470880696364566,110.65153060509421
AAVEUSDT,27555.52,162,31,19.1358024691358,0,3.5947287150692517,-0.03410779041510232,0.00013751421995725793,0.8582936051290482,0.00039177413874108124,2022,153.87353065647946,169.3064147305981,110.6262786221162
ADAUSDT,57926.4,176,39,22.15909090909091,1,12.441941976347366,0.21077494067621047,0.00012959585206671502,0.8123277737490936,0.00033292981666980175,2281,477.04267795736075,0.6252072787028922,100.20320551969515
APEUSDT,33634.2,105,24,22.857142857142858,0,15.500345645285652,0.5697911635420483,-5.7422425513131756e-05,0.587066872655043,0.00041031863040679237,1505,211.3530240131215,2.4113559760956176,116.45533784190896
APTUSDT,27884.03,82,19,23.170731707317074,1,7.697189602249111,0.4402506342754613,-1.268561502830674e-05,0.6453937210499228,0.0003564753681357033,1289,241.27384089120446,6.867714728682171,101.34368358950086
ARBUSDT,47533.38,73,19,26.027397260273972,0,4.122053081781751,-0.009499715906006293,8.851218777420299e-05,0.8502486107048844,0.00013197696742644593,1134,239.60198771690224,0.7647550660792951,94.8324449075173
ATOMUSDT,-4728.11,169,30,17.75147928994083,0,12.01798237527304,-0.8200989570432525,9.685492618038299e-05,0.6732933781610876,0.00042323222582233783,2274,139.09649854952875,10.33821010989011,108.7055101240421
AVAXUSDT,52537.26,126,30,23.809523809523807,1,8.097727742647916,0.3192223151879565,6.525970263243419e-05,0.7136821579460514,0.00043059385325350794,2045,355.38984755649955,28.55671119257087,114.73512919740303
AXSUSDT,1279.74,160,28,17.5,0,9.026822208021226,0.8855725478853367,-0.0002629294565722248,0.3845796562935439,0.0009241502952300891,1987,192.77150289303773,16.722067630784707,130.6073077212628
BCHUSDT,23476.64,180,34,18.88888888888889,1,20.468640500201566,-0.2536653411156495,5.337591713422529e-05,0.6479643216803338,0.000353262677786857,2311,233.08417770542192,360.54782439446365,97.50641538355322
BLURUSDT,8961.0,63,12,19.047619047619047,0,4.880597673393564,0.3208757557629656,-6.0298393063583815e-05,0.6820809248554913,0.0008039188263855584,1098,54.73219105289446,0.23468633303002728,108.03929719275294
BNBUSDT,2480.61,160,31,19.375,0,30.79898462382532,-0.44266254701216107,-2.876253294289897e-06,0.2418740849194729,0.00042009576283778095,2271,624.7769113755429,407.296105193662,84.13797244611084
BTCUSDT,-78374.85,158,18,11.39240506329114,0,27.927519623084624,-1.6176106342127943,0.00011085997698172924,0.8569989929506546,0.00021429839298282442,2311,13265.391789288824,48661.869173875435,62.731686316224575
CHZUSDT,-9204.29,127,23,18.11023622047244,0,16.95759985859064,1.1129437218636908,0.00010218552353342428,0.784106412005457,0.0004785217988241727,1925,114.52220792369886,0.13873420041536863,120.06119455371527
CRVUSDT,44319.39,153,33,21.568627450980394,0,6.372854053457459,-0.2904115078871306,2.613360887745256e-05,0.7280476037311032,0.0005119255044362706,2067,135.3159381391849,1.1619494680851064,134.9954761760377
DOGEUSDT,-4148.24,160,27,16.875,0,130.6079527264353,6.17844907715697,0.0001176692331817469,0.8245256390152109,0.0003522956498837301,2120,1012.5914619211662,0.13538890146157473,134.94351423876688
DOTUSDT,41182.15,163,34,20.858895705521473,1,7.913811811531701,-0.041000218088310746,7.45579277262552e-05,0.6619763351455069,0.0003493106349598775,2077,290.5537897413508,10.346646775745908,100.79652260293308
DYDXUSDT,36129.17,112,26,23.214285714285715,0,7.070293361627002,-0.3643534661565301,7.34154393879953e-05,0.8273832875637505,0.000165430692278035,1693,136.96713071005428,2.7138415584415583,116.80663104563548
ENJUSDT,30777.72,141,30,21.27659574468085,0,8.134344560094243,0.4037613246902834,-7.602439694656486e-06,0.7381679389312977,0.0008746980228332468,2039,49.563568210049496,0.6060759705882353,119.89969139414175
ENSUSDT,61254.88,112,30,26.785714285714285,1,6.504709341930132,0.22608723889170998,7.035257466529351e-05,0.8179196704428424,0.00012886027691331285,1612,73.15079240237867,16.847129572225665,109.99632399018795
ETCUSDT,32695.0,178,35,19.662921348314608,1,13.91079540530637,-0.04400104588812342,0.00010384956118754525,0.7818971759594496,0.0003628527424441526,2296,265.34822461597975,22.44915542011319,101.952766266093
ETHUSDT,10425.32,180,32,17.77777777777778,0,18.967942492917924,-1.1919147900885763,0.0001321738397352899,0.8633290174075673,0.00027938649731744705,2311,7798.754190477136,2172.8659083044986,83.8948141837416
FILUSDT,35004.85,133,28,21.052631578947366,1,12.694977114361434,0.797173440089438,5.9948612526713794e-05,0.8232779878349499,0.0006995457905667926,2022,236.2083226325264,18.059141724479684,112.0316527024666
FTMUSDT,57115.2,128,30,23.4375,0,8.628484723828825,0.1962800918112541,0.00016931713680154144,0.8797687861271676,0.00048799550830859164,2044,230.27939515377793,0.6492944725490196,129.38003200672154
GALAUSDT,29817.59,118,23,19.491525423728813,0,14.163610745220875,1.0058373969263945,7.378022861647615e-05,0.8224280646432794,0.00024944631854652673,1685,222.94193219187298,0.05946841696322657,127.2555152132418
GMXUSDT,16729.58,79,14,17.72151898734177,0,5.3409624922318635,-0.18126555563686664,5.715485373473445e-05,0.7884123828457824,0.00024813324200666004,1168,13.281967812161515,30.534146278870832,89.80285032219044
GRTUSDT,84858.25,133,36,27.06766917293233,1,10.284416194597823,0.1470949768838071,9.818277711763708e-05,0.806144966898659,0.00043853146209381637,1958,61.02759801457911,0.3145005475946776,122.62654907855486
HBARUSDT,9939.1,141,25,17.73049645390071,0,13.80926960888603,1.0180213389375616,7.399508263728452e-05,0.7741247556424382,0.00030544833989315317,1870,87.36907207931975,0.1455643676312969,104.86363901343489
ICPUSDT,17808.98,125,24,19.2,0,6.622220748460771,0.11942545543367689,6.778205053094105e-05,0.8333943610399122,0.0003009036034847671,1815,96.56236952174731,14.55001843575419,109.09244401615985
IMXUSDT,21464.43,94,20,21.27659574468085,1,3.042377556911921,0.0627587924195174,-2.950595110155829e-06,0.7191026329930145,0.00038422684186310656,1539,39.88953885767505,1.0465216286644952,110.8284159500801
INJUSDT,-17142.58,95,12,12.631578947368421,0,2.8313951449922445,-0.07421951279242203,-1.3534272392638035e-05,0.6493251533742331,0.00042503020459849696,1352,123.52610888604428,13.385718403547672,109.61524355109556
IOTAUSDT,17311.42,182,33,18.13186813186813,0,12.482046842458862,-0.5748886906374439,0.00010286358440797187,0.8234173505275498,0.0005201306390574533,2269,30.730600466642702,0.4050883443708609,105.09875181275157
KAVAUSDT,37727.2,148,31,20.945945945945947,1,14.050833703859414,-1.3695730500520238,-9.847816364114678e-07,0.6827150749802684,0.000704819694566654,2102,40.08760494442691,1.749479980979553,113.03410662473748
LDOUSDT,17939.22,87,18,20.689655172413794,0,3.8748559591155054,0.037360181069040765,7.983085750315258e-05,0.86078184110971,0.0002274729029771919,1316,97.82560540237722,1.5576776006074413,112.59455185560397
LINKUSDT,25922.47,174,32,18.39080459770115,0,11.984708320171135,-0.8418449680125759,0.00013025118806143148,0.821645899739206,0.00035146108857608024,2295,344.5374912666405,14.058439459930314,107.03610580234746
LTCUSDT,1238.55,197,33,16.751269035532996,0,12.128988052761994,-1.0197529793046776,0.00014134300028876697,0.8257291365867745,0.00030073055686887694,2303,319.7486966907755,95.06791648542846,90.10324409198861
MANAUSDT,24735.3,133,26,19.548872180451127,0,36.005776251914014,2.0883784833796786,6.906689153204332e-05,0.758033019705308,0.0003112959684970781,1872,140.7958639389583,0.7239358137044969,116.29530392934122
MKRUSDT,99641.02,143,38,26.573426573426573,0,9.727889097984937,1.0419842780647104,0.00013816594025553355,0.8799712074860536,0.00038186187880363695,2086,60.827079572102946,1668.9842891450528,95.21440552155194
NEARUSDT,46585.14,148,31,20.945945945945947,0,4.727331499217849,0.1444933643662737,9.844311268068331e-05,0.7912286465177398,0.00033967574738604206,2023,219.6276356854304,4.121580336800396,122.1185477153846
OPUSDT,14234.78,89,17,19.101123595505616,0,5.152219781546627,0.13017957672932973,6.736776719330855e-05,0.783224907063197,0.00016718851770721474,1429,210.83765620450794,1.429950839160839,119.164750888728
PYTHUSDT,29108.14,44,11,25.0,0,19.400618993169243,1.5716315485655938,2.5799320551005212e-05,0.7475800446760983,0.00019016586808008232,890,54.90433986075811,0.2700717283950617,116.84815601801557
ROSEUSDT,58368.86,114,27,23.684210526315788,1,5.87659934509939,-0.1973968595505017,4.499477430191056e-05,0.8442158303590174,0.00034013238086778874,1581,33.17569745506044,0.07543404565630946,109.12672528217414
RUNEUSDT,30646.5,152,30,19.736842105263158,1,7.065291357099833,-0.47518277901518796,6.955150104686745e-05,0.8151071025930101,0.0005402640830371532,2064,85.62412213071012,3.733716755447942,133.31799050774805
SANDUSDT,-37682.07,130,18,13.846153846153847,0,10.454170292112892,0.7786248858724678,0.00010100201038062285,0.777681660899654,0.000398169096616941,1921,212.15826893544835,0.8094145696400625,125.18930719092948
SEIUSDT,28033.26,52,12,23.076923076923077,0,2.4773899625807934,0.5762878071710259,-4.464209060402685e-05,0.5419463087248322,0.00037357457721857014,987,130.8089982573089,0.3184274089068826,110.92465104855232
SNXUSDT,32186.0,155,30,19.35483870967742,0,7.155162243320483,0.4676271743750194,6.720884088010205e-05,0.7533482142857143,0.00045308799571216985,2085,47.077555430582535,4.25626644295302,124.86056594181683
SOLUSDT,36585.66,133,31,23.308270676691727,0,13.679663165832597,-0.5722004311344642,1.3510054347826105e-06,0.7218670076726342,0.0009400168403592422,2054,1992.9641754164866,93.33253887804878,116.87643343870577
SUIUSDT,19190.91,75,15,20.0,0,3.167704413342056,0.48851216493751276,5.169471320182094e-05,0.7207890743550834,0.00018168820499775935,1093,520.7853067470537,1.8307850091407678,103.59062659378667
TIAUSDT,7624.52,54,9,16.666666666666664,0,4.161039349172083,0.31589647954773287,-1.4090975831364709e-05,0.650735962202435,0.0002175781042852224,912,189.21806459786464,5.210381818181818,124.2068325161281
TRXUSDT,-58158.61,180,24,13.333333333333334,0,46.06535448835412,0.3568155308382652,3.733078604516502e-05,0.6595251881876085,0.00038018253497705903,2297,131.94812085512882,0.12261074574792848,83.08562430756787
UNIUSDT,-5481.07,156,24,15.384615384615385,0,6.734547835127751,0.5493618397245164,0.0001336398897893031,0.8909238249594814,0.0003359972320270371,2050,148.78637292807107,10.014319453924916,112.35807360104593
VETUSDT,46161.09,159,34,21.38364779874214,0,12.695776922598277,-0.7511889604635228,0.00014753399970665886,0.8766500440011734,0.00039577731673933847,2267,64.58658067992924,0.03709052761820592,110.19239355000146
WLDUSDT,21703.46,63,14,22.22222222222222,0,5.673652830843764,0.8981218519311831,4.670313217448343e-05,0.7189242374549032,0.0002183388874448738,1011,305.3499149519358,2.0434034584980236,131.22552300645393
XLMUSDT,28832.07,168,34,20.238095238095237,1,20.289805380995034,1.2509275072787474,0.00013479903263234228,0.7678027556200145,0.0003784968409590268,2292,116.77406255950152,0.19387381555944055,99.45485571751323
XRPUSDT,-23693.95,165,27,16.363636363636363,0,20.037955737902312,0.4887414504722959,0.00014083014852198992,0.8098053352559481,0.0003659851135043208,2306,1125.624042306025,0.9323327975673329,102.11432939490244
ZILUSDT,-18711.36,141,24,17.02127659574468,0,14.809236649561488,0.7913034049103286,6.474173995066028e-05,0.8006094906399652,0.0006325277581655013,2142,56.64819352140006,0.03887193171188026,113.25603502441726
