symbol,net_usd,trades,wins,wr_pct,deployed
BLURUSDT,8961,63,12,19.047619047619047,0
ARBUSDT,47533.38,73,19,26.027397260273972,0
APTUSDT,27884.03,82,19,23.170731707317074,1
APEUSDT,33634.2,105,24,22.857142857142858,0
1000SHIBUSDT,42560.35,118,26,22.033898305084744,1
CHZUSDT,-9204.29,127,23,18.11023622047244,0
1INCHUSDT,50653.12,133,31,23.308270676691727,1
AXSUSDT,1279.74,160,28,17.5,0
AVAXUSDT,52537.26,126,30,23.809523809523807,1
AAVEUSDT,27555.52,162,31,19.1358024691358,0
CRVUSDT,44319.39,153,33,21.568627450980394,0
BNBUSDT,2480.61,160,31,19.375,0
ADAUSDT,57926.4,176,39,22.15909090909091,1
BCHUSDT,23476.64,180,34,18.88888888888889,1
ATOMUSDT,-4728.11,169,30,17.75147928994083,0
BTCUSDT,-78374.85,158,18,11.39240506329114,0
DYDXUSDT,36129.17,112,26,23.214285714285715,0
DOTUSDT,41182.15,163,34,20.858895705521473,1
DOGEUSDT,-4148.24,160,27,16.875,0
GMXUSDT,16729.58,79,14,17.72151898734177,0
ENSUSDT,61254.88,112,30,26.785714285714285,1
ENJUSDT,30777.72,141,30,21.27659574468085,0
GALAUSDT,29817.59,118,23,19.491525423728813,0
INJUSDT,-17142.58,95,12,12.631578947368421,0
FILUSDT,35004.85,133,28,21.052631578947366,1
IMXUSDT,21464.43,94,20,21.27659574468085,1
FTMUSDT,57115.2,128,30,23.4375,0
ETCUSDT,32695,178,35,19.662921348314608,1
LDOUSDT,17939.22,87,18,20.689655172413794,0
ICPUSDT,17808.98,125,24,19.2,0
ETHUSDT,10425.32,180,32,17.77777777777778,0
HBARUSDT,9939.1,141,25,17.73049645390071,0
GRTUSDT,84858.25,133,36,27.06766917293233,1
PYTHUSDT,29108.14,44,11,25,0
SEIUSDT,28033.26,52,12,23.076923076923077,0
KAVAUSDT,37727.2,148,31,20.945945945945947,1
IOTAUSDT,17311.42,182,33,18.13186813186813,0
OPUSDT,14234.78,89,17,19.101123595505616,0
SUIUSDT,19190.91,75,15,20,0
TIAUSDT,7624.52,54,9,16.666666666666664,0
MANAUSDT,24735.3,133,26,19.548872180451127,0
ROSEUSDT,58368.86,114,27,23.684210526315788,1
LTCUSDT,1238.55,197,33,16.751269035532996,0
LINKUSDT,25922.47,174,32,18.39080459770115,0
NEARUSDT,46585.14,148,31,20.945945945945947,0
MKRUSDT,99641.02,143,38,26.573426573426573,0
RUNEUSDT,30646.5,152,30,19.736842105263158,1
SANDUSDT,-37682.07,130,18,13.846153846153847,0
WLDUSDT,21703.46,63,14,22.22222222222222,0
SNXUSDT,32186,155,30,19.35483870967742,0
SOLUSDT,36585.66,133,31,23.308270676691727,0
UNIUSDT,-5481.07,156,24,15.384615384615385,0
TRXUSDT,-58158.61,180,24,13.333333333333334,0
VETUSDT,46161.09,159,34,21.38364779874214,0
ZILUSDT,-18711.36,141,24,17.02127659574468,0
XLMUSDT,28832.07,168,34,20.238095238095237,1
XRPUSDT,-23693.95,165,27,16.363636363636363,0
