z,horizon,delay,n_events,n_obs,mean_bp,median_bp,t_event,drop5_bp,net_bp,pos_years
2.0,15m,0,2134,95942,2.27,-5.09,0.18,-13.66,-12.73,4/7
2.0,15m,1,2134,95944,0.99,0.0,0.08,-12.39,-14.01,4/7
2.0,1H,0,2134,95942,0.64,-7.57,-0.72,-24.45,-14.36,2/7
2.0,1H,1,2134,95944,-3.54,-3.73,-1.38,-26.35,-18.54,1/7
2.0,4H,0,2134,95942,-10.49,-10.45,-2.44,-49.16,-25.49,3/7
2.0,4H,1,2134,95943,-15.71,-9.74,-2.85,-52.58,-30.71,2/7
3.0,15m,0,872,39396,6.29,-3.89,0.6,-14.57,-8.71,5/7
3.0,15m,1,872,39397,1.22,-1.21,0.11,-16.73,-13.78,4/7
3.0,1H,0,872,39396,2.75,-5.76,0.02,-27.61,-12.25,2/7
3.0,1H,1,872,39397,-1.86,0.0,-0.22,-29.05,-16.86,2/7
3.0,4H,0,872,39396,-3.15,-0.39,-0.74,-46.75,-18.15,3/7
3.0,4H,1,872,39397,-13.53,-4.16,-1.36,-54.49,-28.53,1/7
