symbol,trades,wins,net_usd,long_net,short_net
APTUSDT,14,4,13561.57,9553.71,4007.86
IMXUSDT,25,4,-4096.06,-4096.06,0
ROSEUSDT,7,3,9454.16,6753.72,2700.44
ENSUSDT,3,1,3976.07,0,3976.07
GRTUSDT,69,13,12387.36,-800.34,13187.7
1000SHIBUSDT,36,5,-6216.31,-10096.47,3880.16
FILUSDT,62,15,18370.68,3459.56,14911.12
1INCHUSDT,119,16,-20268.6,-20279.34,10.74
RUNEUSDT,158,25,9673.69,24954.44,-15280.75
AVAXUSDT,80,19,38512.07,4764.25,33747.81
DOTUSDT,105,18,7354.64,8231.94,-877.3
KAVAUSDT,190,28,-8340.4,22750.96,-31091.36
ADAUSDT,130,26,38420.85,5324.92,33095.93
BCHUSDT,120,22,16120.77,27261.47,-11140.7
ETCUSDT,105,18,-14447.62,6396.1,-20843.73
XLMUSDT,133,21,8282.25,8958.37,-676.12
