cell,role,tf,ema_fast,ema_slow,W1_net,W2_net,W3_net,mean_net,wins,verdict,trades_total
0,BASELINE,4H,9,21,+175021,+645812,+65044,295292,3,POSITIVE,5572
1,4H-interp,4H,7,14,-67018,+681227,+269074,294428,2,POSITIVE,7402
2,4H-slower,4H,10,30,+32454,+626699,-80275,192959,2,POSITIVE,4501
3,4H-MACD,4H,12,26,+93949,+638216,-44858,229102,2,POSITIVE,4394
4,4H-ratio-1to4.2,4H,5,21,+84972,+774277,+326645,395298,3,POSITIVE,7128
5,4H-ratio-1to4.25,4H,8,34,-50472,+532736,-11056,157069,1,NEGATIVE,4736
6,4H-slowest,4H,21,50,+112,+303915,+32662,112230,3,POSITIVE,2356
7,1D-alt5,1D,5,15,+3133,+158766,+174656,112185,3,POSITIVE,1075
8,1D-live,1D,9,21,-37137,+61997,+102523,42461,2,POSITIVE,679
9,1D-slow,1D,10,30,-19296,+53637,+95828,43390,2,POSITIVE,487
10,1D-ratio-1to4,1D,7,28,-30998,+48465,+77111,31526,2,POSITIVE,657
