symbol	period	trades	wins	pnl_usd
HBARUSDT	train	3089	537	133000
SOLUSDT	train	3874	710	388889.1
TRXUSDT	test	2828	514	260434.34
LINKUSDT	test	3911	692	242215.44
RUNEUSDT	train	3666	688	462000
XLMUSDT	test	3766	621	-38728.56
SOLUSDT	test	4018	741	428000
RUNEUSDT	test	3629	666	368136.46
IOTAUSDT	test	3887	666	109000
BLURUSDT	train	0	0	0
BNBUSDT	test	3400	625	352574.18
HBARUSDT	test	3922	709	332000
IOTAUSDT	train	4679	832	313000
LINKUSDT	train	5217	896	160147.24
TRXUSDT	train	4920	840	120546.95
APEUSDT	train	1371	249	127024.33
BNBUSDT	train	4764	818	145911.77
XLMUSDT	train	4968	906	468000
ARBUSDT	train	0	0	0
GRTUSDT	train	3449	596	127000
BLURUSDT	test	3343	612	330886
PYTHUSDT	train	0	0	0
FTMUSDT	test	3539	587	-17000
SNXUSDT	test	3956	681	130000
AAVEUSDT	train	3887	683	211000
GRTUSDT	test	4160	737	264401.3
SNXUSDT	train	4037	694	127000
FTMUSDT	train	3982	727	382671.12
APEUSDT	test	4230	744	234000
AAVEUSDT	test	4010	676	46000
MKRUSDT	train	3901	681	185000
ARBUSDT	test	3606	653	312000
MKRUSDT	test	3885	658	64225.81
VETUSDT	test	3965	646	-89000
VETUSDT	train	4744	847	338000
TIAUSDT	train	0	0	0
PYTHUSDT	test	2543	462	231125.32
ATOMUSDT	test	3923	645	-53000
ATOMUSDT	train	4995	882	297000
1INCHUSDT	train	3176	543	83632.55
NEARUSDT	train	3919	686	199532.8
BTCUSDT	test	3411	572	21000
1INCHUSDT	test	4069	690	71000
GMXUSDT	train	0	0	0
ENJUSDT	train	3822	650	78000
NEARUSDT	test	3853	642	-1000
ENJUSDT	test	3990	679	85146.53
TIAUSDT	test	2494	440	146000
KAVAUSDT	test	3802	639	32000
AVAXUSDT	train	4007	710	253000
BTCUSDT	train	4671	804	155622.11
LDOUSDT	train	446	78	22000
KAVAUSDT	train	3995	689	140236.18
AVAXUSDT	test	3970	643	-112000
ETHUSDT	test	3708	629	66000
ETHUSDT	train	5337	901	69000
DOTUSDT	train	4223	713	59425.02
SEIUSDT	train	0	0	0
DYDXUSDT	train	2433	410	27000
DOTUSDT	test	3847	653	71000
GMXUSDT	test	3497	601	109000
BCHUSDT	test	3869	667	134675.57
ZILUSDT	train	4135	705	97800.09
XRPUSDT	test	3728	615	-38000
ZILUSDT	test	4045	674	319.13
INJUSDT	train	620	113	58000
XRPUSDT	train	5043	865	147000
DYDXUSDT	test	4097	695	73000
LDOUSDT	test	4066	683	32000
IMXUSDT	train	1441	231	-55000
UNIUSDT	train	4068	668	-60000
UNIUSDT	test	3979	679	95000
BCHUSDT	train	5392	884	-85935.85
SEIUSDT	test	2996	504	28000
OPUSDT	train	1028	170	-5859.64
1000SHIBUSDT	train	2965	474	-118158.12
ROSEUSDT	train	1646	273	-8000
DOGEUSDT	train	4161	681	-75000
GALAUSDT	train	2211	382	81000
SUIUSDT	train	0	0	0
DOGEUSDT	test	3902	677	160000
WLDUSDT	train	0	0	0
ENSUSDT	train	2020	319	-104836.9
MANAUSDT	train	3070	507	-28000
1000SHIBUSDT	test	4016	686	100000
ICPUSDT	train	2466	409	-12000
INJUSDT	test	4242	705	-11468.26
IMXUSDT	test	3975	678	93000
GALAUSDT	test	4225	682	-133000
ROSEUSDT	test	4131	691	15000
MANAUSDT	test	4011	668	-3000
OPUSDT	test	4155	685	-41981.08
AXSUSDT	train	3592	594	-28000
APTUSDT	train	336	53	-13514.36
WLDUSDT	test	3272	529	-98000
AXSUSDT	test	3936	648	-46140.15
ICPUSDT	test	4080	667	-78000
ENSUSDT	test	3989	664	-5000
SUIUSDT	test	3402	557	-60000
SANDUSDT	train	3249	510	-189000
ADAUSDT	test	3739	617	-37000
SANDUSDT	test	3952	651	-46000
CHZUSDT	train	3531	567	-127002.36
FILUSDT	train	3999	657	-57000
FILUSDT	test	3930	644	-66000
ADAUSDT	train	5150	844	-86000
CHZUSDT	test	3986	655	-56000
LTCUSDT	test	3677	609	-23000
LTCUSDT	train	5135	824	-191000
ETCUSDT	test	3841	639	-7000
APTUSDT	test	4024	638	-196000
CRVUSDT	train	4092	654	-168000
CRVUSDT	test	3666	507	-624000
ETCUSDT	train	5379	816	-483000
