month,LIVE,ema_4H_7_14,ema_4H_10_30,ema_4H_12_26,ema_4H_5_21,ema_4H_8_34,ema_4H_21_50,ema_1D_5_15,ema_1D_9_21,ema_1D_10_30,ema_1D_7_28,confl_9_21,confl_5_15,confl_21_50,confl_13_34,vol_0.80,vol_1.00,vol_1.20,vol_1.50,vol_2.00,side_long,side_both,mltp_2R_half,mltp_3R_half,mltp_4R_half,mltp_3R_third,mltp_3R_twothirds,trail_0.5R,trail_1.0R,trail_1.5R,trail_2.0R,trail_3.0R,macd_12_26_9,rsi_14
2020-01,-6663.23,-7310.16,-1560.86,4111.84,-11901.30,-1511.36,-2138.39,0.00,0.00,0.00,0.00,0.00,0.00,0.00,0.00,-7437.17,-9515.06,-10498.30,-5637.92,-5637.92,44830.20,20792.04,-762.75,-771.84,-4689.64,-1766.33,222.65,-554.89,992.81,-1937.68,-751.93,-3696.83,-3875.48,21087.59
2020-02,35177.69,14996.92,33527.52,22177.25,8423.32,23508.79,33953.08,5976.99,19540.56,13513.08,25109.81,12131.41,29298.72,0.00,6080.44,-2159.04,18148.33,41408.65,40341.64,35177.69,-11859.21,32910.08,20918.93,23996.67,25599.78,26978.55,21014.76,-2670.73,18483.06,28022.64,29552.16,32766.93,58910.95,45127.70
2020-03,28111.68,11782.60,27463.50,29572.86,6822.02,29107.28,9595.16,-2037.99,-1194.37,-1178.40,-1178.40,34338.02,23535.41,-16153.27,10364.84,4886.79,37699.97,48485.35,52145.28,36522.22,1162.67,30947.86,1281.45,5791.87,13177.85,9370.65,2213.10,4397.72,3038.26,17728.72,16317.66,16317.66,29732.07,121877.52
2020-04,-35466.56,-46328.51,-28687.77,-24507.38,-43005.53,-36057.48,-12913.26,-8416.61,-3138.42,-2067.10,-8270.69,-6726.69,-5713.85,-33139.91,-30013.91,-3065.55,-10357.82,-14704.25,-18052.00,-33221.93,41186.21,14076.58,-25293.18,-27875.06,-29361.22,-29417.11,-26332.99,-14866.56,-22312.72,-25840.60,-28374.40,-32410.51,37865.83,21882.60
2020-05,-33679.46,-47037.79,-19623.70,-29951.54,-38234.70,-25745.98,-4678.33,-9156.35,-3025.68,-3045.23,-6037.74,-15381.62,-13214.29,-16047.00,-5538.23,-15108.84,-30651.36,-33679.46,-33679.46,-33679.46,-13814.75,-48804.13,-29628.35,-31648.03,-35684.39,-31658.72,-31637.36,-16524.02,-22760.61,-26183.98,-29679.46,-31679.46,-2334.65,-31157.11
2020-06,4312.93,337.04,-7079.58,-10926.89,3302.49,-11371.33,1749.83,9757.96,5113.85,-939.12,7340.33,12947.04,8552.14,15995.97,13925.44,3481.26,-794.75,9901.43,4312.93,4312.93,-13835.21,-13929.17,8377.54,3637.70,4861.63,4635.20,2640.27,-1230.18,7202.96,7622.29,4201.42,6571.42,-31296.40,3930.89
2020-07,-23447.42,-48088.82,-22840.73,-13956.11,-43078.58,-30987.69,217.85,-5895.70,-3040.27,-2988.85,-1893.96,-15004.63,-13567.39,-10427.99,-12755.65,-15337.16,-17182.78,-18274.32,-23447.42,-23447.42,22494.15,-12937.92,-23841.04,-25356.44,-22574.01,-26362.97,-24349.92,-14100.21,-20372.35,-25993.95,-25910.26,-28316.81,-21495.73,-29075.23
2020-08,41159.14,24892.60,5932.32,-10953.98,18715.95,14492.75,-7532.76,5081.50,137.49,4172.91,10129.40,12741.31,16178.69,5970.03,4930.34,-7320.15,25656.47,28446.92,37790.26,42165.45,12529.48,29834.63,12952.06,26414.44,38027.84,26829.78,25999.12,-897.58,10872.23,19313.75,13947.61,27636.02,-13669.02,10183.13
2020-09,28873.57,31254.98,27911.78,46806.40,51229.63,34162.70,21791.36,11739.87,7185.40,-1911.89,13863.91,21709.54,18299.15,-4958.40,18183.92,22716.99,23035.34,28042.92,25768.74,25221.19,-35919.75,-23084.18,22228.68,21442.74,31170.01,23182.56,19702.95,5593.51,21766.56,23879.23,41751.88,26559.83,16159.09,-31863.24
2020-10,17414.58,-5070.42,-1413.14,14060.44,13812.90,413.66,-15524.58,-10977.40,-8675.62,-8074.51,-9212.18,3103.49,5277.03,-3766.76,-5428.00,-8166.43,-3558.61,-5381.93,13632.59,12644.78,-45110.56,-29345.74,-2752.98,10408.88,3480.38,11335.32,9482.53,-9063.71,-11549.44,-11717.48,-20347.77,13133.58,40220.60,-22233.43
2020-11,-79655.96,-84587.96,-65004.25,-64624.86,-89145.96,-69013.11,-22357.22,-6429.38,-4815.54,-3184.15,-5340.54,-22703.45,-20636.11,-39139.30,-29106.82,-36130.29,-52479.52,-63498.51,-65986.35,-82034.01,56057.39,-16496.72,-53689.29,-66146.64,-77650.46,-68712.10,-63581.20,-28306.26,-34349.05,-51203.08,-62760.31,-73692.06,12534.88,21325.65
2020-12,-7408.34,31098.95,41028.70,18775.62,18436.71,11153.19,10963.36,-6185.70,-26067.51,-10075.91,-20060.87,1275.81,300.29,-963.47,-263.02,-1439.34,-8636.44,-9853.43,-13787.11,-251.81,22956.60,7504.92,-14112.00,-19920.83,-9756.37,-21435.32,-18406.38,2049.26,-3073.17,-2187.49,-11987.97,-24375.19,13636.12,9326.36
2021-01,-101612.05,-100568.36,-57005.04,-74892.54,-129917.13,-65491.63,-9178.95,-15068.17,-5070.09,-3022.59,-5043.55,-19227.27,-14933.35,-11971.87,-9812.29,-1017.02,-7003.23,-21335.69,-35251.58,-80679.43,30568.47,-43745.54,-44001.97,-63033.67,-88746.05,-71160.19,-54907.16,-17737.07,-37185.78,-52748.91,-67144.46,-86935.18,-1927.84,-36808.95
2021-02,-3776.53,-52025.25,-16230.83,-26388.95,-51072.24,-15936.73,-23372.77,956.95,-8116.99,-3054.78,-8109.39,-2010.99,-4555.97,-1017.17,0.00,0.00,0.00,5135.09,7978.55,9471.81,54580.71,53279.15,356.89,7493.84,-4207.70,4668.23,10319.42,17144.51,25125.68,12894.39,-8001.32,-816.72,68241.67,-36909.67
2021-03,-44474.64,-98347.02,-50716.21,-43288.91,-71810.68,-30481.96,-19832.21,-23312.58,-13272.40,-10783.91,-7484.50,-18284.55,-15121.51,0.00,-10848.80,0.00,-2052.69,-3064.89,-14059.90,-28125.11,-3654.84,-30920.07,-39884.75,-46596.43,-56976.73,-52411.28,-40781.59,-1952.70,-35724.57,-44844.30,-61754.55,-63698.85,123767.05,28657.89
2021-04,-53809.17,-48413.09,-42870.19,-21165.67,-28073.53,-54023.58,-18537.37,-12649.74,-4083.44,-15968.99,-18088.40,-1006.68,-4995.00,0.00,-1006.68,-4272.56,-9202.86,-18094.62,-12973.36,-42731.66,106684.86,16931.91,-38867.96,-44261.65,-47084.99,-45211.23,-43312.07,-15443.14,-22630.09,-31863.36,-37798.38,-47054.52,-41614.25,45197.75
2021-05,30198.73,107288.46,-11285.95,-4335.03,69795.88,-4555.42,30997.40,21498.96,23594.57,25559.96,23070.81,-21497.16,-18907.00,-12054.78,-20164.44,0.00,-999.25,-999.25,3931.33,14575.30,-48144.46,-10706.83,5941.35,13271.77,25933.26,17993.37,8550.19,-11367.32,-11486.46,5898.78,12809.14,27158.88,22020.74,-10973.73
2021-06,95743.74,112939.05,78542.48,73786.09,84288.64,102157.79,24639.83,3081.59,-549.77,0.00,5978.52,92890.76,95972.43,87498.52,91076.44,0.00,-1094.24,4884.30,4587.07,28279.67,-71954.78,37713.37,64485.51,72881.44,87141.43,76469.94,69292.92,16051.80,38666.40,61918.27,76111.13,83435.85,13754.49,24489.48
2021-07,40400.47,59623.68,15508.04,4277.16,39151.44,12463.66,-5115.95,-5856.98,-2681.02,-4098.97,-5758.02,17775.33,6375.14,44729.46,40990.79,0.00,-3317.21,8714.53,31910.12,38745.89,46085.81,64080.28,6680.12,22197.53,45783.19,22482.51,21912.49,-20193.79,-14449.40,2825.74,12989.64,23035.87,132292.09,68723.28
2021-08,-92416.86,-136841.74,-87572.06,-82437.52,-132218.12,-102852.66,-33427.85,-10956.73,-2036.72,-715.27,0.00,3841.99,-5224.70,-26476.56,-10237.09,-7398.46,-31673.17,-73754.51,-87914.53,-87262.23,31026.92,-49149.49,-61938.72,-78366.82,-82659.41,-81933.02,-74800.60,9556.22,-40076.21,-69518.23,-81275.44,-88855.69,-32907.03,-25292.30
2021-09,55995.98,74822.84,39077.21,30207.52,90836.04,49612.14,-17596.79,-12017.04,-3157.69,-11572.78,-3156.93,36691.40,22447.05,6639.95,4462.36,6884.09,36173.61,40472.58,58846.85,64358.12,-3546.97,55367.61,44156.82,50510.22,53773.42,54668.19,46352.22,30957.49,50899.45,63385.89,65251.26,62739.59,80468.61,103140.46
2021-10,-87733.48,-68344.87,-52269.19,-51945.47,-35200.63,-60543.18,-20682.62,-25281.87,-10799.70,-6667.42,-9034.80,-22786.50,-12171.18,-20765.19,-26830.46,1838.11,-19163.68,-57366.60,-71496.21,-84610.34,70729.08,5925.04,-50686.38,-67061.18,-88635.60,-73156.33,-60966.04,3603.24,-31306.23,-50943.63,-80274.01,-84988.09,-749.37,-80108.45
2021-11,44827.37,103461.54,-940.19,-17760.81,85780.14,-5858.65,34176.19,35713.42,14104.00,6099.94,7029.70,-1515.66,20290.43,10889.27,8162.62,35719.46,25698.86,29873.87,33436.02,47897.99,-29438.42,15319.01,12419.98,26151.28,26598.08,31115.14,21187.45,-11795.47,-27611.51,-13794.33,11573.74,40750.90,32651.42,36254.88
2021-12,88522.58,55524.46,60185.85,61149.54,74194.80,67519.74,21314.58,7296.67,4210.33,1730.76,8432.00,42248.16,19987.51,39363.62,51382.94,10391.62,51856.22,51601.77,81175.07,83535.99,-5565.13,49579.19,53423.19,70080.54,77200.61,71319.46,68841.62,30928.57,32778.82,46940.02,43477.70,73724.48,-24370.16,135645.72
2022-01,63748.23,91419.19,61769.04,72417.26,100298.47,58379.23,39575.02,41508.93,24635.98,23018.30,19363.19,55726.89,35449.07,50951.01,58052.61,11755.20,48151.27,57485.70,61374.61,63748.23,-64212.16,-9815.84,42152.99,44748.18,52378.13,48851.42,40644.93,-7620.21,18986.86,36848.84,51396.12,56816.51,15931.55,31415.22
2022-02,105969.21,135212.17,92727.61,73677.83,122892.84,98567.17,5242.69,5127.97,-2079.47,-3386.13,-951.42,62479.68,42651.75,84252.35,78486.08,-3436.81,16187.72,36229.77,97623.85,105969.21,15244.78,98415.99,52936.11,72176.49,83088.16,81204.68,63148.38,4422.18,13726.96,44817.63,58219.85,98729.93,95753.43,63540.98
2022-03,-63517.63,-107854.62,-64255.04,-53283.43,-76876.44,-58753.18,-17135.93,-3791.07,-7165.43,-4260.69,-6070.19,-35908.03,-39944.33,-57413.84,-45619.94,-6908.55,-23549.83,-58844.64,-62689.79,-61524.22,43219.85,-32045.06,-22931.17,-34140.49,-49525.03,-40251.56,-28029.50,-8522.31,-12027.74,-27558.88,-36198.44,-52114.16,22522.51,38638.71
2022-04,233111.29,227463.47,186294.67,150922.01,220216.56,199347.43,71605.72,38123.74,44464.55,20200.10,50547.73,115194.91,112745.91,107154.68,122648.87,98695.67,153565.72,184075.30,236222.13,235192.18,-72988.99,161554.65,137760.46,165188.98,185271.63,185809.07,144568.91,19617.20,54769.18,129876.44,186310.78,225836.29,99768.58,166207.47
2022-05,54414.14,83389.12,68690.78,76153.82,57617.39,65102.18,9689.11,1691.03,7023.72,3789.80,6133.61,54339.56,54301.04,64132.50,51165.89,-4419.80,27355.73,42145.17,62474.42,57310.48,-81590.70,-6794.27,35945.27,47252.01,50819.71,50730.05,43773.92,6033.38,12228.02,8275.02,33203.40,57481.64,52879.70,24703.28
2022-06,31390.30,38278.84,7886.83,-11232.89,499.49,18549.86,-10878.05,20058.00,9395.20,-495.22,-543.24,27038.45,44223.57,36636.35,36636.35,-3408.92,1761.70,21051.60,21766.54,33991.92,-28278.84,-12491.33,13679.86,25219.84,22253.16,30374.92,20064.85,-20878.91,18882.26,21057.13,32294.12,40381.71,106166.93,71079.65
2022-07,19018.54,-82205.10,16026.91,805.41,-44563.07,3623.11,-23852.74,-44699.66,-18506.64,-5076.23,-11274.95,31519.14,8548.36,29450.19,29745.04,-9803.75,-10820.36,-28761.10,22669.50,20057.42,135495.14,112070.74,28644.11,18867.17,24241.49,17167.19,20567.08,2410.79,23130.17,36339.80,46707.47,13867.34,19448.76,42050.86
2022-08,-9269.87,-10157.42,7324.12,11354.83,-33325.09,-9650.23,27735.37,50143.59,674.94,-2759.61,-687.81,-23412.28,-24469.06,-48235.16,-27656.34,-14095.64,-29215.83,-23939.40,-22552.53,-14235.09,-82096.69,-77791.37,-21379.80,-15606.35,-14857.78,-13553.94,-17658.74,-17066.26,-13184.63,-700.53,-6018.29,-9569.87,-74841.66,-74893.35
2022-09,-37384.15,2201.11,-38527.66,-46104.97,-2696.60,-34975.81,-28204.95,-2147.59,3739.83,-3018.08,5262.09,-71698.10,-61064.96,-47107.03,-57319.45,-13288.36,-39178.77,-49332.22,-39455.08,-37384.15,-71141.50,-72640.95,-36382.81,-45807.23,-36570.19,-45476.83,-46137.58,-37522.86,-46964.56,-42761.09,-43372.24,-44835.48,-108712.19,-60496.03
2022-10,25388.37,8048.96,1613.25,7090.37,47349.05,-7855.91,-6565.31,-4876.76,4999.78,-8372.32,1507.64,27472.69,16158.25,19947.05,37074.92,18819.14,27103.89,33283.84,20446.25,25388.37,16111.00,38180.55,36824.95,32507.84,28569.12,30519.53,34496.20,-11464.70,25915.74,30936.66,42318.83,26659.77,-509.16,64644.43
2022-11,70141.71,52633.26,27820.04,17606.15,113520.11,8670.23,-15384.21,992.16,7415.96,-3461.26,-1602.67,4557.88,-15836.45,59631.98,37060.32,47909.78,65535.95,68266.15,58068.64,71299.97,-114841.22,-49858.53,36832.96,46872.18,59878.67,47488.47,46255.90,-14061.13,-2986.22,25672.28,43442.83,48684.90,-12150.54,-6254.74
2022-12,118648.88,126325.13,79728.80,54638.72,124901.99,91708.45,21259.59,4252.21,1945.84,-309.72,-2257.06,98846.28,94351.74,114351.96,106659.16,61839.47,88421.63,109388.17,116652.35,121014.81,-65913.93,49256.18,70306.68,82847.05,94577.77,91972.28,73721.92,24794.79,48018.24,89340.58,85499.13,109685.97,-4242.99,17053.50
2023-01,-120638.03,-147813.74,-72365.27,-73141.67,-153288.54,-80574.21,-13612.14,-2421.19,-2154.24,-1116.04,-2421.19,-14010.82,-10541.52,-24006.61,-16231.40,-72768.38,-92579.73,-110210.51,-116418.11,-120638.03,130756.42,19753.30,-107934.97,-113084.51,-119262.05,-115197.46,-110971.57,-45399.17,-86756.68,-105791.84,-112445.17,-119299.02,206857.71,68538.65
2023-02,24857.35,85167.68,-11342.63,-21045.19,37324.63,-7246.71,-14774.39,-20226.72,-21998.65,9726.13,-5368.03,15554.60,9620.98,0.00,-1161.10,-11253.59,5099.16,12452.62,13239.20,24857.35,47413.57,29851.83,27613.39,28154.23,21008.71,24534.33,31774.11,15083.81,12898.06,24013.42,20931.34,17507.48,-90883.24,59990.80
2023-03,-9079.92,49543.82,10142.22,8681.67,-33135.32,-14746.27,-30914.12,-20793.31,11337.04,15028.32,15132.97,-12728.81,10309.06,-24656.17,-20755.04,2213.16,-1343.33,-11993.78,575.02,-9079.92,-78184.73,-59387.28,-10009.75,-24930.86,-14651.42,-25997.69,-23864.11,184.07,4222.85,-10959.55,-29161.68,-28068.46,-60334.66,52670.32
2023-04,58763.78,64540.28,56817.45,71316.62,72750.56,95794.38,30591.22,10217.94,-2112.69,-10386.86,-8031.59,-46078.57,-33633.38,-34748.68,-49848.53,58856.84,65655.11,60477.16,62021.07,58763.78,-57447.38,15786.91,32565.55,42052.93,53181.69,45713.19,38392.64,-3866.44,-2395.87,30062.43,24916.23,52818.33,11447.34,42887.69
2023-05,43691.53,8711.94,18544.14,40706.09,41176.55,40694.70,21783.61,18618.06,11803.14,-939.99,4494.18,58204.39,48114.38,45884.02,47653.46,24401.11,40111.14,45825.36,43691.53,43691.53,-107866.93,-28510.02,33311.55,45788.94,42148.56,47992.47,43585.45,16158.68,51144.63,54356.62,31947.14,52269.84,31826.79,-43470.36
2023-06,15155.58,70533.55,11052.91,9664.28,66547.79,31223.31,22711.17,20816.00,-1395.71,-2146.20,11726.74,-24285.82,-9613.07,7316.04,3791.36,61427.38,32271.52,13261.26,15155.58,15155.58,33689.45,18964.41,10838.79,15489.66,22311.57,18041.75,12937.60,-7850.81,7244.20,24118.57,31248.38,22995.85,42740.36,51685.74
2023-07,31924.24,-22469.52,-24006.23,-24426.04,52371.03,-16541.65,-53373.25,-1135.14,-4121.93,-11601.93,-7916.57,33442.43,34984.94,6797.97,11970.59,18241.70,26577.95,13378.49,17559.77,31924.24,-40196.94,3911.91,15910.29,10290.01,9409.85,11175.41,9404.56,-10918.85,-12280.15,-10889.00,-2357.93,12894.20,-80120.43,-51030.55
2023-08,147070.04,163956.28,146850.36,145686.42,124449.95,129587.45,106425.25,37398.61,5261.25,11882.41,2348.07,144855.68,130325.92,131039.62,148276.79,113233.40,137016.69,153669.62,149327.77,147070.04,-158726.61,16974.96,86931.29,118674.58,143820.45,128444.30,108905.00,35382.57,70833.70,82291.03,105216.01,147408.77,-74117.07,-25362.29
2023-09,-2647.35,-53218.83,-9100.25,12656.89,-56711.79,-24136.90,4143.98,-19499.68,-4232.80,-1202.34,-3276.73,-11728.65,-7099.17,11011.93,-15119.50,-5665.84,3926.11,-519.62,-2647.35,-2647.35,-5602.93,34565.29,12807.51,2061.81,2278.93,-1249.31,5372.88,-1628.65,4784.50,8905.38,19904.63,-7676.69,30407.68,-99760.90
2023-10,18426.03,-20735.85,42376.43,52510.72,-8406.96,49856.30,-11516.80,-4934.48,-18562.17,-5586.04,-1205.97,-3598.01,-28570.44,37425.07,37386.16,27054.87,24956.63,22786.98,18426.03,18426.03,193470.51,191930.17,4661.28,-1601.74,10092.56,-3309.56,106.03,-9038.99,2220.95,-18890.63,-12723.68,-6624.63,146413.48,37072.80
2023-11,-178608.96,-224978.11,-169195.20,-171891.16,-205658.02,-187113.47,-64839.95,-31095.48,-7208.12,-962.16,-5181.30,-9438.39,-19315.45,-8824.24,-5211.50,-75447.57,-134627.06,-160750.38,-174571.27,-177591.79,28379.25,-139783.61,-101947.22,-116759.53,-136741.34,-133070.60,-100448.38,-24564.49,-52886.07,-76419.65,-120434.99,-164733.46,-124449.08,-107369.12
2023-12,-123698.90,-156065.45,-102626.39,-88788.08,-165582.89,-116986.62,-54026.00,-23608.90,-13286.58,-7040.60,-9254.66,-13019.17,-14733.95,-1041.32,-5168.32,-54875.84,-96575.04,-105293.06,-110612.00,-122676.78,22566.35,-71891.37,-63478.51,-100977.21,-113466.88,-106569.25,-95385.21,-14195.10,-46488.89,-84499.25,-98822.03,-117424.34,-64064.38,-89878.38
2024-01,44186.22,19124.21,20442.08,31969.46,79228.67,38030.64,16274.26,2886.28,-18462.60,-2133.05,-6054.63,38098.31,51744.73,-3568.46,8538.29,1108.07,32482.19,49771.33,57841.53,51477.54,-59788.75,-26868.44,56400.29,44174.58,46286.26,43174.92,45174.25,-3818.06,42559.55,60189.17,57131.74,41234.45,-32957.19,66792.67
2024-02,-90112.13,-167545.69,-81949.08,-75827.66,-145116.62,-72103.63,-66296.52,-22963.15,-9211.62,-4289.63,-6985.00,-34811.82,-36146.57,-36392.38,-36552.03,-48488.53,-75283.63,-78684.66,-84636.62,-90112.13,146798.97,33785.17,-68528.38,-80042.86,-84918.99,-86111.02,-73974.72,-22344.87,-46052.13,-68182.00,-87599.92,-97890.37,-36392.42,19103.50
2024-03,4058.74,14364.17,-10895.69,-2486.96,-834.58,-30124.55,12351.82,2609.36,7775.96,-3261.74,6698.55,-11472.81,-15703.37,-2267.86,-7993.35,-545.15,14837.46,-2095.43,14580.40,11513.05,-64239.01,-65436.25,-9788.66,11490.85,8930.41,12780.21,10201.59,-46716.18,-17418.53,-35669.01,-6709.94,15283.01,-96302.39,-24754.15
2024-04,213574.67,217012.49,159162.61,151516.31,203711.99,143314.77,88831.00,26898.16,5503.86,-3581.99,-4086.50,154293.65,141145.63,53159.54,114192.83,26079.40,78333.50,170568.83,207632.96,206359.15,-109009.31,120959.55,129423.17,159100.63,178078.44,170319.55,147881.61,56798.97,79548.26,85817.01,152074.02,192097.61,74094.70,15569.01
2024-05,-88837.57,-105937.19,-61971.44,-65048.04,-98926.35,-55003.78,-69835.33,-13338.48,-6839.07,3148.74,-9810.47,-76059.11,-40643.43,-95774.70,-97690.80,-63650.82,-71595.39,-99882.18,-90828.41,-88837.57,-116604.90,-201923.46,-61550.07,-85663.70,-99716.85,-87563.91,-83763.52,-17858.29,-66789.92,-65693.46,-73617.62,-91252.52,-46588.57,-73522.86
2024-06,26641.02,108457.20,63768.55,33714.15,132921.23,42249.20,53180.65,40429.23,15176.99,22879.01,34739.31,-2857.91,-806.38,3453.55,18921.85,24772.62,40111.39,26413.35,24322.25,26641.02,-157204.69,-78669.88,15703.04,20092.81,20625.01,21633.61,18552.08,7047.34,18766.71,31850.47,9038.48,24624.48,35821.65,52162.57
2024-07,240993.47,202788.46,195627.67,198183.38,263668.82,168718.15,107253.55,56010.73,51022.36,38812.69,51332.77,163310.65,147141.50,244850.92,232994.01,123478.76,191427.34,228719.68,242087.57,240993.47,-5505.97,236036.46,148622.05,176587.73,196332.74,200606.04,152569.43,14859.95,84336.66,182532.61,216239.57,247229.72,112690.28,233708.49
2024-08,53254.34,87092.83,20617.19,38380.56,68308.83,-7463.53,19986.71,7932.16,17167.19,-1286.57,3939.19,-64206.56,-78485.15,37723.06,10126.58,37341.27,61790.45,65598.36,54299.20,53254.34,-12981.30,16318.84,14419.51,27804.93,48828.55,31657.33,23952.54,-26259.19,153.71,1453.51,24083.71,39135.49,-68716.20,170233.04
2024-09,-48744.48,-81655.98,-44331.96,-50088.68,-19048.74,-47637.27,-24289.41,-9644.51,-8654.88,-1221.42,-10118.48,-54223.25,-30410.67,-52101.01,-64006.66,-13861.52,-34345.53,-47675.02,-48744.48,-48744.48,171637.64,107959.83,-4142.61,-5205.79,-16200.55,-14530.88,4119.10,4336.70,11049.12,9177.36,-9336.88,-32632.26,-125814.42,113151.05
2024-10,83110.62,133329.36,35764.33,25906.22,67982.34,34647.52,11611.33,-36782.68,-48509.37,-20800.15,-44129.26,27140.99,28168.43,28266.45,12170.68,54573.05,59895.69,82905.73,78129.08,83110.62,-35873.31,48647.37,40929.30,58919.99,61498.72,63378.02,54462.10,-15095.14,-12804.10,25488.08,49140.28,72031.74,138573.41,-15609.65
2024-11,-116587.46,-184567.79,-77650.39,-78170.65,-154215.30,-80402.94,-19971.17,-11148.27,-10482.15,-7250.19,-8209.07,-6490.65,-4364.02,-11657.32,-9646.27,-33187.60,-58319.10,-80204.71,-109308.06,-114499.29,380739.90,237398.81,-94984.22,-103398.51,-103996.71,-107118.65,-99678.37,-48002.49,-75025.80,-91663.70,-102043.78,-114340.12,320954.60,269630.05
2024-12,94881.18,87784.01,83000.12,84800.01,69832.85,95196.21,22639.42,30553.98,13044.69,-8674.77,2401.76,-68630.29,-66172.66,-15393.23,-54792.79,-379.08,-4341.57,4062.06,89660.54,90059.91,-116718.25,-29217.66,54034.90,73015.20,85846.14,78632.28,67398.09,42490.79,53780.02,46589.52,55481.65,89536.05,-247516.82,-96814.50
2025-01,85873.81,168713.65,114008.70,115017.42,160527.47,117990.06,38384.70,56833.05,24370.25,22344.71,24649.83,51283.38,45267.89,50999.05,73945.36,-10451.39,-12256.28,20614.92,82734.60,85873.81,71416.63,181840.79,70690.90,88697.25,89249.71,82580.19,94814.40,50708.72,63746.64,51538.10,73321.93,70705.77,146549.60,144290.72
2025-02,223274.82,200637.13,207274.24,232282.66,189790.95,186078.65,84859.82,5048.38,1102.79,6953.88,1465.09,221184.55,205719.81,205741.66,219428.08,19278.37,79122.19,187875.91,229053.06,218467.06,-124716.60,104247.72,128872.08,146295.28,173596.86,164980.51,127610.06,27848.06,107198.37,178792.84,205959.66,201251.87,-22080.81,-74988.09
2025-03,158123.56,138624.06,160659.09,156539.73,159508.12,166441.12,87768.59,7313.86,58.04,-3401.24,-504.27,73832.08,-17360.77,150004.51,134991.58,12872.67,53132.78,120731.52,149494.27,158123.56,-81020.20,10157.73,123878.86,136645.39,140718.26,150428.99,122861.80,40884.86,74886.15,136138.29,146237.40,177185.46,-53758.41,110484.25
2025-04,-71483.11,-98859.11,-58253.25,-52105.00,-85220.40,-71540.00,-35008.12,-6209.21,-3607.32,-3307.46,-5368.81,-51862.35,-53765.54,-54071.36,-50935.26,-22058.36,-59845.40,-65164.20,-71483.11,-71483.11,83151.15,13.41,-48946.51,-64499.28,-64076.76,-65871.07,-63127.54,-16281.68,-45156.93,-67917.97,-64813.89,-68533.95,86001.97,-45115.18
