symbol	period	trades	wins	net_usd
1000SHIBUSDT	2020-Q1	0	0	0
1000SHIBUSDT	2020-Q2	0	0	0
1000SHIBUSDT	2020-Q3	0	0	0
1000SHIBUSDT	2020-Q4	0	0	0
1000SHIBUSDT	2021-Q1	0	0	0
1000SHIBUSDT	2021-Q2	2	0	-2075
1000SHIBUSDT	2021-Q3	11	2	1806
1000SHIBUSDT	2021-Q4	6	2	5736
1000SHIBUSDT	2022-Q1	6	3	14630
1000SHIBUSDT	2022-Q2	7	1	-770
1000SHIBUSDT	2022-Q3	10	2	-2039
1000SHIBUSDT	2022-Q4	7	2	6324
1000SHIBUSDT	2023-Q1	5	1	1876
1000SHIBUSDT	2023-Q2	4	1	-1533
1000SHIBUSDT	2023-Q3	12	1	-7854
1000SHIBUSDT	2023-Q4	6	1	-4820
1000SHIBUSDT	2024-Q1	7	1	-4404
1000SHIBUSDT	2024-Q2	7	1	-3297
1000SHIBUSDT	2024-Q3	6	1	1353
1000SHIBUSDT	2024-Q4	10	1	-955
1000SHIBUSDT	2025-Q1	9	3	9891
1000SHIBUSDT	2025-Q2	7	1	-1018
1000SHIBUSDT	2025-Q3	8	3	12191
1000SHIBUSDT	2025-Q4	9	0	-10880
1000SHIBUSDT	2026-Q1	8	3	11700
1INCHUSDT	2020-Q1	0	0	0
1INCHUSDT	2020-Q2	0	0	0
1INCHUSDT	2020-Q3	0	0	0
1INCHUSDT	2020-Q4	0	0	0
1INCHUSDT	2021-Q1	10	1	-3539
1INCHUSDT	2021-Q2	8	0	-7423
1INCHUSDT	2021-Q3	7	1	-587
1INCHUSDT	2021-Q4	7	4	25778
1INCHUSDT	2022-Q1	9	2	-776
1INCHUSDT	2022-Q2	6	3	9984
1INCHUSDT	2022-Q3	7	0	-6315
1INCHUSDT	2022-Q4	8	4	8962
1INCHUSDT	2023-Q1	8	1	-1975
1INCHUSDT	2023-Q2	7	2	-1311
1INCHUSDT	2023-Q3	8	2	5058
1INCHUSDT	2023-Q4	10	1	-4389
1INCHUSDT	2024-Q1	6	1	-5223
1INCHUSDT	2024-Q2	8	1	-171
1INCHUSDT	2024-Q3	7	0	-7949
1INCHUSDT	2024-Q4	7	2	1301
1INCHUSDT	2025-Q1	9	5	16751
1INCHUSDT	2025-Q2	5	1	4777
1INCHUSDT	2025-Q3	10	1	-4395
1INCHUSDT	2025-Q4	9	2	3924
1INCHUSDT	2026-Q1	10	3	8387
AAVEUSDT	2020-Q1	0	0	0
AAVEUSDT	2020-Q2	0	0	0
AAVEUSDT	2020-Q3	0	0	0
AAVEUSDT	2020-Q4	4	1	2823
AAVEUSDT	2021-Q1	7	2	6726
AAVEUSDT	2021-Q2	9	3	3702
AAVEUSDT	2021-Q3	10	1	-3220
AAVEUSDT	2021-Q4	11	2	-105
AAVEUSDT	2022-Q1	9	3	11366
AAVEUSDT	2022-Q2	8	1	-2667
AAVEUSDT	2022-Q3	13	2	-4397
AAVEUSDT	2022-Q4	10	1	-4286
AAVEUSDT	2023-Q1	10	2	2395
AAVEUSDT	2023-Q2	9	3	10479
AAVEUSDT	2023-Q3	8	3	7502
AAVEUSDT	2023-Q4	10	0	-11385
AAVEUSDT	2024-Q1	6	2	7175
AAVEUSDT	2024-Q2	10	2	-1295
AAVEUSDT	2024-Q3	9	1	-3676
AAVEUSDT	2024-Q4	10	1	-3982
AAVEUSDT	2025-Q1	10	3	6290
AAVEUSDT	2025-Q2	8	1	-1565
AAVEUSDT	2025-Q3	10	2	2635
AAVEUSDT	2025-Q4	6	2	2701
AAVEUSDT	2026-Q1	5	2	8625
ADAUSDT	2020-Q1	5	1	1527
ADAUSDT	2020-Q2	7	2	6204
ADAUSDT	2020-Q3	7	3	13211
ADAUSDT	2020-Q4	10	0	-11111
ADAUSDT	2021-Q1	9	0	-9768
ADAUSDT	2021-Q2	10	2	-283
ADAUSDT	2021-Q3	9	2	6345
ADAUSDT	2021-Q4	7	3	10237
ADAUSDT	2022-Q1	7	2	2078
ADAUSDT	2022-Q2	6	2	4372
ADAUSDT	2022-Q3	5	2	896
ADAUSDT	2022-Q4	8	3	14627
ADAUSDT	2023-Q1	9	1	-3595
ADAUSDT	2023-Q2	13	3	5766
ADAUSDT	2023-Q3	11	3	-737
ADAUSDT	2023-Q4	11	0	-11718
ADAUSDT	2024-Q1	7	2	1566
ADAUSDT	2024-Q2	8	2	-6838
ADAUSDT	2024-Q3	6	2	10576
ADAUSDT	2024-Q4	8	1	799
ADAUSDT	2025-Q1	8	2	5609
ADAUSDT	2025-Q2	10	0	-12338
ADAUSDT	2025-Q3	6	2	7197
ADAUSDT	2025-Q4	9	1	-3930
ADAUSDT	2026-Q1	9	2	8475
APEUSDT	2020-Q1	0	0	0
APEUSDT	2020-Q2	0	0	0
APEUSDT	2020-Q3	0	0	0
APEUSDT	2020-Q4	0	0	0
APEUSDT	2021-Q1	0	0	0
APEUSDT	2021-Q2	0	0	0
APEUSDT	2021-Q3	0	0	0
APEUSDT	2021-Q4	0	0	0
APEUSDT	2022-Q1	2	0	-716
APEUSDT	2022-Q2	8	3	9694
APEUSDT	2022-Q3	9	1	-1753
APEUSDT	2022-Q4	10	2	2403
APEUSDT	2023-Q1	9	0	-9130
APEUSDT	2023-Q2	8	3	9565
APEUSDT	2023-Q3	8	3	7741
APEUSDT	2023-Q4	10	0	-11001
APEUSDT	2024-Q1	7	1	-5931
APEUSDT	2024-Q2	11	2	-2717
APEUSDT	2024-Q3	11	2	4397
APEUSDT	2024-Q4	14	2	-3781
APEUSDT	2025-Q1	6	3	17702
APEUSDT	2025-Q2	8	2	5270
APEUSDT	2025-Q3	10	3	4011
APEUSDT	2025-Q4	7	2	6248
APEUSDT	2026-Q1	6	2	3148
APTUSDT	2020-Q1	0	0	0
APTUSDT	2020-Q2	0	0	0
APTUSDT	2020-Q3	0	0	0
APTUSDT	2020-Q4	0	0	0
APTUSDT	2021-Q1	0	0	0
APTUSDT	2021-Q2	0	0	0
APTUSDT	2021-Q3	0	0	0
APTUSDT	2021-Q4	0	0	0
APTUSDT	2022-Q1	0	0	0
APTUSDT	2022-Q2	0	0	0
APTUSDT	2022-Q3	0	0	0
APTUSDT	2022-Q4	7	3	13044
APTUSDT	2023-Q1	7	2	6349
APTUSDT	2023-Q2	7	3	5363
APTUSDT	2023-Q3	7	2	4503
APTUSDT	2023-Q4	7	1	-4836
APTUSDT	2024-Q1	8	0	-8920
APTUSDT	2024-Q2	8	2	622
APTUSDT	2024-Q3	7	1	-987
APTUSDT	2024-Q4	15	2	-2286
APTUSDT	2025-Q1	7	1	-2087
APTUSDT	2025-Q2	8	2	1978
APTUSDT	2025-Q3	7	2	-397
APTUSDT	2025-Q4	8	3	13107
APTUSDT	2026-Q1	9	2	7269
ARBUSDT	2020-Q1	0	0	0
ARBUSDT	2020-Q2	0	0	0
ARBUSDT	2020-Q3	0	0	0
ARBUSDT	2020-Q4	0	0	0
ARBUSDT	2021-Q1	0	0	0
ARBUSDT	2021-Q2	0	0	0
ARBUSDT	2021-Q3	0	0	0
ARBUSDT	2021-Q4	0	0	0
ARBUSDT	2022-Q1	0	0	0
ARBUSDT	2022-Q2	0	0	0
ARBUSDT	2022-Q3	0	0	0
ARBUSDT	2022-Q4	0	0	0
ARBUSDT	2023-Q1	0	0	0
ARBUSDT	2023-Q2	9	3	11140
ARBUSDT	2023-Q3	9	1	-4463
ARBUSDT	2023-Q4	7	0	-7830
ARBUSDT	2024-Q1	10	2	2685
ARBUSDT	2024-Q2	5	2	4229
ARBUSDT	2024-Q3	9	1	-2304
ARBUSDT	2024-Q4	7	2	6366
ARBUSDT	2025-Q1	12	5	20395
ARBUSDT	2025-Q2	6	1	-3874
ARBUSDT	2025-Q3	7	2	-1003
ARBUSDT	2025-Q4	10	2	2549
ARBUSDT	2026-Q1	5	1	-38
ATOMUSDT	2020-Q1	5	1	880
ATOMUSDT	2020-Q2	8	1	-1546
ATOMUSDT	2020-Q3	8	2	5197
ATOMUSDT	2020-Q4	12	1	-6896
ATOMUSDT	2021-Q1	7	1	-5437
ATOMUSDT	2021-Q2	8	2	2899
ATOMUSDT	2021-Q3	5	0	-2545
ATOMUSDT	2021-Q4	8	0	-9073
ATOMUSDT	2022-Q1	10	1	-5259
ATOMUSDT	2022-Q2	6	2	7456
ATOMUSDT	2022-Q3	9	0	-8134
ATOMUSDT	2022-Q4	10	2	1828
ATOMUSDT	2023-Q1	6	1	121
ATOMUSDT	2023-Q2	10	2	-1355
ATOMUSDT	2023-Q3	9	3	2042
ATOMUSDT	2023-Q4	5	0	-5503
ATOMUSDT	2024-Q1	8	1	-7215
ATOMUSDT	2024-Q2	8	3	5345
ATOMUSDT	2024-Q3	7	1	1372
ATOMUSDT	2024-Q4	9	1	-2665
ATOMUSDT	2025-Q1	7	2	4661
ATOMUSDT	2025-Q2	10	4	13355
ATOMUSDT	2025-Q3	15	2	-3624
ATOMUSDT	2025-Q4	8	3	5029
ATOMUSDT	2026-Q1	8	2	4741
AVAXUSDT	2020-Q1	0	0	0
AVAXUSDT	2020-Q2	0	0	0
AVAXUSDT	2020-Q3	0	0	0
AVAXUSDT	2020-Q4	8	2	-337
AVAXUSDT	2021-Q1	9	1	-5940
AVAXUSDT	2021-Q2	8	3	7795
AVAXUSDT	2021-Q3	5	2	8500
AVAXUSDT	2021-Q4	9	1	-808
AVAXUSDT	2022-Q1	6	1	1010
AVAXUSDT	2022-Q2	5	1	1738
AVAXUSDT	2022-Q3	5	3	12092
AVAXUSDT	2022-Q4	7	0	-8755
AVAXUSDT	2023-Q1	7	1	-829
AVAXUSDT	2023-Q2	10	3	4836
AVAXUSDT	2023-Q3	5	3	9241
AVAXUSDT	2023-Q4	6	0	-4219
AVAXUSDT	2024-Q1	5	0	-5233
AVAXUSDT	2024-Q2	5	3	6925
AVAXUSDT	2024-Q3	7	1	1658
AVAXUSDT	2024-Q4	9	2	4060
AVAXUSDT	2025-Q1	9	3	9899
AVAXUSDT	2025-Q2	6	1	100
AVAXUSDT	2025-Q3	11	1	-2624
AVAXUSDT	2025-Q4	7	2	6077
AVAXUSDT	2026-Q1	7	2	8829
AXSUSDT	2020-Q1	0	0	0
AXSUSDT	2020-Q2	0	0	0
AXSUSDT	2020-Q3	0	0	0
AXSUSDT	2020-Q4	6	0	-4834
AXSUSDT	2021-Q1	8	0	-8464
AXSUSDT	2021-Q2	9	1	-7078
AXSUSDT	2021-Q3	7	1	-380
AXSUSDT	2021-Q4	13	3	1481
AXSUSDT	2022-Q1	9	3	6209
AXSUSDT	2022-Q2	5	1	1583
AXSUSDT	2022-Q3	8	2	5069
AXSUSDT	2022-Q4	13	4	13536
AXSUSDT	2023-Q1	6	1	273
AXSUSDT	2023-Q2	7	3	7948
AXSUSDT	2023-Q3	13	2	-911
AXSUSDT	2023-Q4	7	0	-5817
AXSUSDT	2024-Q1	7	1	-749
AXSUSDT	2024-Q2	10	2	257
AXSUSDT	2024-Q3	11	1	-4702
AXSUSDT	2024-Q4	8	2	292
AXSUSDT	2025-Q1	9	3	4637
AXSUSDT	2025-Q2	9	1	-2996
AXSUSDT	2025-Q3	11	2	1319
AXSUSDT	2025-Q4	10	2	620
AXSUSDT	2026-Q1	13	2	-75
BCHUSDT	2020-Q1	8	3	12336
BCHUSDT	2020-Q2	7	1	-5580
BCHUSDT	2020-Q3	7	1	-1209
BCHUSDT	2020-Q4	10	1	-4368
BCHUSDT	2021-Q1	9	1	-2832
BCHUSDT	2021-Q2	6	1	-3242
BCHUSDT	2021-Q3	7	1	-3468
BCHUSDT	2021-Q4	11	1	-8166
BCHUSDT	2022-Q1	5	2	3751
BCHUSDT	2022-Q2	10	5	26226
BCHUSDT	2022-Q3	8	3	6066
BCHUSDT	2022-Q4	10	3	8325
BCHUSDT	2023-Q1	7	1	-1264
BCHUSDT	2023-Q2	13	1	-12327
BCHUSDT	2023-Q3	9	3	10260
BCHUSDT	2023-Q4	5	1	-4202
BCHUSDT	2024-Q1	9	1	-3939
BCHUSDT	2024-Q2	6	3	8859
BCHUSDT	2024-Q3	10	3	7922
BCHUSDT	2024-Q4	8	0	-8952
BCHUSDT	2025-Q1	10	2	2970
BCHUSDT	2025-Q2	8	0	-9218
BCHUSDT	2025-Q3	9	2	3190
BCHUSDT	2025-Q4	12	2	-4267
BCHUSDT	2026-Q1	10	1	-7605
BLURUSDT	2020-Q1	0	0	0
BLURUSDT	2020-Q2	0	0	0
BLURUSDT	2020-Q3	0	0	0
BLURUSDT	2020-Q4	0	0	0
BLURUSDT	2021-Q1	0	0	0
BLURUSDT	2021-Q2	0	0	0
BLURUSDT	2021-Q3	0	0	0
BLURUSDT	2021-Q4	0	0	0
BLURUSDT	2022-Q1	0	0	0
BLURUSDT	2022-Q2	0	0	0
BLURUSDT	2022-Q3	0	0	0
BLURUSDT	2022-Q4	0	0	0
BLURUSDT	2023-Q1	0	0	0
BLURUSDT	2023-Q2	7	0	-7810
BLURUSDT	2023-Q3	6	1	-4181
BLURUSDT	2023-Q4	5	1	-271
BLURUSDT	2024-Q1	10	1	-7529
BLURUSDT	2024-Q2	7	2	6211
BLURUSDT	2024-Q3	6	1	1987
BLURUSDT	2024-Q4	9	2	6979
BLURUSDT	2025-Q1	11	3	6359
BLURUSDT	2025-Q2	6	2	3059
BLURUSDT	2025-Q3	11	1	-5378
BLURUSDT	2025-Q4	6	3	8945
BLURUSDT	2026-Q1	9	0	-6405
BNBUSDT	2020-Q1	2	2	8197
BNBUSDT	2020-Q2	9	1	-3395
BNBUSDT	2020-Q3	7	1	-738
BNBUSDT	2020-Q4	10	1	-4665
BNBUSDT	2021-Q1	8	0	-8616
BNBUSDT	2021-Q2	5	2	5453
BNBUSDT	2021-Q3	7	2	5762
BNBUSDT	2021-Q4	11	2	-961
BNBUSDT	2022-Q1	8	1	-1719
BNBUSDT	2022-Q2	6	2	9308
BNBUSDT	2022-Q3	9	0	-9390
BNBUSDT	2022-Q4	5	1	1306
BNBUSDT	2023-Q1	7	2	2544
BNBUSDT	2023-Q2	8	1	-7338
BNBUSDT	2023-Q3	9	2	-3045
BNBUSDT	2023-Q4	5	0	-5676
BNBUSDT	2024-Q1	5	0	-6200
BNBUSDT	2024-Q2	10	1	-3291
BNBUSDT	2024-Q3	6	2	6835
BNBUSDT	2024-Q4	11	2	1178
BNBUSDT	2025-Q1	9	3	13134
BNBUSDT	2025-Q2	8	1	-3617
BNBUSDT	2025-Q3	8	0	-10068
BNBUSDT	2025-Q4	9	3	5249
BNBUSDT	2026-Q1	7	1	2024
BTCUSDT	2020-Q1	8	2	4774
BTCUSDT	2020-Q2	11	1	-4501
BTCUSDT	2020-Q3	9	1	-3991
BTCUSDT	2020-Q4	5	0	-6405
BTCUSDT	2021-Q1	5	0	-5187
BTCUSDT	2021-Q2	5	1	1665
BTCUSDT	2021-Q3	9	0	-8349
BTCUSDT	2021-Q4	6	1	5867
BTCUSDT	2022-Q1	5	1	-3243
BTCUSDT	2022-Q2	9	3	7936
BTCUSDT	2022-Q3	6	0	-6889
BTCUSDT	2022-Q4	8	1	-8204
BTCUSDT	2023-Q1	4	1	1848
BTCUSDT	2023-Q2	11	2	-4555
BTCUSDT	2023-Q3	9	1	-10696
BTCUSDT	2023-Q4	6	0	-8365
BTCUSDT	2024-Q1	6	1	-3623
BTCUSDT	2024-Q2	7	1	-6432
BTCUSDT	2024-Q3	6	1	1243
BTCUSDT	2024-Q4	8	0	-6192
BTCUSDT	2025-Q1	12	3	4659
BTCUSDT	2025-Q2	4	0	-5244
BTCUSDT	2025-Q3	5	1	-2174
BTCUSDT	2025-Q4	8	1	-5317
BTCUSDT	2026-Q1	6	1	4087
CHZUSDT	2020-Q1	0	0	0
CHZUSDT	2020-Q2	0	0	0
CHZUSDT	2020-Q3	0	0	0
CHZUSDT	2020-Q4	0	0	0
CHZUSDT	2021-Q1	7	0	-5714
CHZUSDT	2021-Q2	4	0	-1670
CHZUSDT	2021-Q3	9	2	534
CHZUSDT	2021-Q4	9	0	-6570
CHZUSDT	2022-Q1	9	1	-7511
CHZUSDT	2022-Q2	4	1	-444
CHZUSDT	2022-Q3	6	1	-3444
CHZUSDT	2022-Q4	5	3	14740
CHZUSDT	2023-Q1	9	2	-1227
CHZUSDT	2023-Q2	9	1	-9625
CHZUSDT	2023-Q3	6	2	2774
CHZUSDT	2023-Q4	9	0	-8353
CHZUSDT	2024-Q1	7	3	3096
CHZUSDT	2024-Q2	7	0	-6090
CHZUSDT	2024-Q3	8	2	6085
CHZUSDT	2024-Q4	4	1	2494
CHZUSDT	2025-Q1	11	1	-134
CHZUSDT	2025-Q2	9	2	-386
CHZUSDT	2025-Q3	15	1	-10375
CHZUSDT	2025-Q4	9	3	10638
CHZUSDT	2026-Q1	9	1	-5954
CRVUSDT	2020-Q1	0	0	0
CRVUSDT	2020-Q2	0	0	0
CRVUSDT	2020-Q3	4	0	-2497
CRVUSDT	2020-Q4	6	2	2332
CRVUSDT	2021-Q1	8	2	2249
CRVUSDT	2021-Q2	8	2	5753
CRVUSDT	2021-Q3	10	0	-10175
CRVUSDT	2021-Q4	11	1	-4621
CRVUSDT	2022-Q1	4	2	6624
CRVUSDT	2022-Q2	10	2	3201
CRVUSDT	2022-Q3	11	1	-6963
CRVUSDT	2022-Q4	9	3	9219
CRVUSDT	2023-Q1	8	1	-851
CRVUSDT	2023-Q2	6	2	5735
CRVUSDT	2023-Q3	6	4	17376
CRVUSDT	2023-Q4	7	0	-7939
CRVUSDT	2024-Q1	4	1	-1780
CRVUSDT	2024-Q2	8	2	4947
CRVUSDT	2024-Q3	9	1	988
CRVUSDT	2024-Q4	11	1	-2807
CRVUSDT	2025-Q1	8	2	5317
CRVUSDT	2025-Q2	10	0	-9523
CRVUSDT	2025-Q3	10	2	824
CRVUSDT	2025-Q4	10	3	8723
CRVUSDT	2026-Q1	9	0	-10267
DOGEUSDT	2020-Q1	0	0	0
DOGEUSDT	2020-Q2	0	0	0
DOGEUSDT	2020-Q3	11	2	-1345
DOGEUSDT	2020-Q4	9	1	-3413
DOGEUSDT	2021-Q1	12	2	1755
DOGEUSDT	2021-Q2	6	2	7704
DOGEUSDT	2021-Q3	8	4	16326
DOGEUSDT	2021-Q4	9	2	2009
DOGEUSDT	2022-Q1	8	2	2802
DOGEUSDT	2022-Q2	8	1	-2100
DOGEUSDT	2022-Q3	8	1	-4440
DOGEUSDT	2022-Q4	8	1	-2346
DOGEUSDT	2023-Q1	7	0	-8158
DOGEUSDT	2023-Q2	10	2	-3132
DOGEUSDT	2023-Q3	9	1	-9148
DOGEUSDT	2023-Q4	7	1	-6940
DOGEUSDT	2024-Q1	6	0	-6953
DOGEUSDT	2024-Q2	7	1	-6298
DOGEUSDT	2024-Q3	9	1	-3286
DOGEUSDT	2024-Q4	9	1	-2912
DOGEUSDT	2025-Q1	6	0	-6559
DOGEUSDT	2025-Q2	9	0	-10412
DOGEUSDT	2025-Q3	11	2	1582
DOGEUSDT	2025-Q4	7	2	5908
DOGEUSDT	2026-Q1	9	2	3795
DOTUSDT	2020-Q1	0	0	0
DOTUSDT	2020-Q2	0	0	0
DOTUSDT	2020-Q3	4	1	2752
DOTUSDT	2020-Q4	7	0	-8224
DOTUSDT	2021-Q1	12	1	-5775
DOTUSDT	2021-Q2	12	2	2204
DOTUSDT	2021-Q3	4	0	-1367
DOTUSDT	2021-Q4	9	1	-3002
DOTUSDT	2022-Q1	7	3	13332
DOTUSDT	2022-Q2	11	6	30078
DOTUSDT	2022-Q3	10	1	-8667
DOTUSDT	2022-Q4	8	2	-407
DOTUSDT	2023-Q1	8	0	-8730
DOTUSDT	2023-Q2	10	3	4796
DOTUSDT	2023-Q3	8	2	5033
DOTUSDT	2023-Q4	10	0	-11701
DOTUSDT	2024-Q1	9	1	-3544
DOTUSDT	2024-Q2	7	3	8832
DOTUSDT	2024-Q3	7	1	3093
DOTUSDT	2024-Q4	7	2	6413
DOTUSDT	2025-Q1	8	2	1533
DOTUSDT	2025-Q2	10	2	1477
DOTUSDT	2025-Q3	10	2	755
DOTUSDT	2025-Q4	7	1	-1410
DOTUSDT	2026-Q1	8	2	2930
DYDXUSDT	2020-Q1	0	0	0
DYDXUSDT	2020-Q2	0	0	0
DYDXUSDT	2020-Q3	0	0	0
DYDXUSDT	2020-Q4	0	0	0
DYDXUSDT	2021-Q1	0	0	0
DYDXUSDT	2021-Q2	0	0	0
DYDXUSDT	2021-Q3	1	0	-1039
DYDXUSDT	2021-Q4	10	3	8011
DYDXUSDT	2022-Q1	6	2	1301
DYDXUSDT	2022-Q2	9	4	11794
DYDXUSDT	2022-Q3	8	1	-6974
DYDXUSDT	2022-Q4	7	4	15526
DYDXUSDT	2023-Q1	7	2	908
DYDXUSDT	2023-Q2	11	2	1607
DYDXUSDT	2023-Q3	9	0	-10348
DYDXUSDT	2023-Q4	9	1	693
DYDXUSDT	2024-Q1	4	1	-3309
DYDXUSDT	2024-Q2	10	1	-4287
DYDXUSDT	2024-Q3	5	0	-5729
DYDXUSDT	2024-Q4	9	0	-10004
DYDXUSDT	2025-Q1	7	4	17299
DYDXUSDT	2025-Q2	8	2	2785
DYDXUSDT	2025-Q3	10	1	-2613
DYDXUSDT	2025-Q4	10	3	11100
DYDXUSDT	2026-Q1	4	2	4139
ENJUSDT	2020-Q1	0	0	0
ENJUSDT	2020-Q2	0	0	0
ENJUSDT	2020-Q3	0	0	0
ENJUSDT	2020-Q4	6	2	6827
ENJUSDT	2021-Q1	6	0	-6247
ENJUSDT	2021-Q2	7	3	8238
ENJUSDT	2021-Q3	10	2	3845
ENJUSDT	2021-Q4	9	1	-136
ENJUSDT	2022-Q1	8	2	625
ENJUSDT	2022-Q2	7	1	223
ENJUSDT	2022-Q3	8	1	-5889
ENJUSDT	2022-Q4	9	2	3888
ENJUSDT	2023-Q1	5	1	865
ENJUSDT	2023-Q2	10	3	-3432
ENJUSDT	2023-Q3	13	2	-1346
ENJUSDT	2023-Q4	9	0	-10061
ENJUSDT	2024-Q1	6	1	103
ENJUSDT	2024-Q2	7	1	244
ENJUSDT	2024-Q3	7	1	-934
ENJUSDT	2024-Q4	6	2	7033
ENJUSDT	2025-Q1	6	4	16878
ENJUSDT	2025-Q2	8	1	24
ENJUSDT	2025-Q3	8	2	-536
ENJUSDT	2025-Q4	8	1	-6543
ENJUSDT	2026-Q1	9	1	-1458
ENSUSDT	2020-Q1	0	0	0
ENSUSDT	2020-Q2	0	0	0
ENSUSDT	2020-Q3	0	0	0
ENSUSDT	2020-Q4	0	0	0
ENSUSDT	2021-Q1	0	0	0
ENSUSDT	2021-Q2	0	0	0
ENSUSDT	2021-Q3	0	0	0
ENSUSDT	2021-Q4	2	0	506
ENSUSDT	2022-Q1	8	2	3355
ENSUSDT	2022-Q2	9	3	7007
ENSUSDT	2022-Q3	6	2	7488
ENSUSDT	2022-Q4	9	2	3723
ENSUSDT	2023-Q1	10	3	7099
ENSUSDT	2023-Q2	7	3	9409
ENSUSDT	2023-Q3	10	2	-1533
ENSUSDT	2023-Q4	11	0	-12832
ENSUSDT	2024-Q1	9	1	-2777
ENSUSDT	2024-Q2	6	2	7402
ENSUSDT	2024-Q3	9	1	-1142
ENSUSDT	2024-Q4	8	2	4699
ENSUSDT	2025-Q1	9	3	9374
ENSUSDT	2025-Q2	7	1	-3303
ENSUSDT	2025-Q3	7	2	1347
ENSUSDT	2025-Q4	9	3	7415
ENSUSDT	2026-Q1	6	1	3211
ETCUSDT	2020-Q1	11	1	-5132
ETCUSDT	2020-Q2	6	1	-232
ETCUSDT	2020-Q3	7	2	6355
ETCUSDT	2020-Q4	13	2	-786
ETCUSDT	2021-Q1	12	1	-6163
ETCUSDT	2021-Q2	5	1	-2339
ETCUSDT	2021-Q3	6	2	2270
ETCUSDT	2021-Q4	8	2	6009
ETCUSDT	2022-Q1	5	3	10960
ETCUSDT	2022-Q2	10	3	12982
ETCUSDT	2022-Q3	8	1	-3659
ETCUSDT	2022-Q4	8	4	19039
ETCUSDT	2023-Q1	9	0	-10428
ETCUSDT	2023-Q2	7	2	-57
ETCUSDT	2023-Q3	7	2	562
ETCUSDT	2023-Q4	9	0	-8401
ETCUSDT	2024-Q1	6	0	-6664
ETCUSDT	2024-Q2	7	1	-1499
ETCUSDT	2024-Q3	7	2	8893
ETCUSDT	2024-Q4	11	3	8777
ETCUSDT	2025-Q1	10	3	10033
ETCUSDT	2025-Q2	10	2	2659
ETCUSDT	2025-Q3	7	2	6127
ETCUSDT	2025-Q4	10	3	10550
ETCUSDT	2026-Q1	8	3	11790
ETHUSDT	2020-Q1	9	1	-2986
ETHUSDT	2020-Q2	9	0	-8106
ETHUSDT	2020-Q3	7	3	8187
ETHUSDT	2020-Q4	10	1	-4005
ETHUSDT	2021-Q1	9	0	-10238
ETHUSDT	2021-Q2	8	1	-1600
ETHUSDT	2021-Q3	8	2	339
ETHUSDT	2021-Q4	11	1	209
ETHUSDT	2022-Q1	7	2	3657
ETHUSDT	2022-Q2	6	3	14879
ETHUSDT	2022-Q3	8	3	7501
ETHUSDT	2022-Q4	6	0	-8088
ETHUSDT	2023-Q1	8	0	-9109
ETHUSDT	2023-Q2	7	3	3671
ETHUSDT	2023-Q3	8	3	10328
ETHUSDT	2023-Q4	10	0	-12026
ETHUSDT	2024-Q1	5	2	8352
ETHUSDT	2024-Q2	7	3	5144
ETHUSDT	2024-Q3	6	2	1782
ETHUSDT	2024-Q4	13	1	-7340
ETHUSDT	2025-Q1	13	2	-141
ETHUSDT	2025-Q2	11	1	-5993
ETHUSDT	2025-Q3	10	2	-2597
ETHUSDT	2025-Q4	5	1	-3720
ETHUSDT	2026-Q1	7	2	6157
FILUSDT	2020-Q1	0	0	0
FILUSDT	2020-Q2	0	0	0
FILUSDT	2020-Q3	0	0	0
FILUSDT	2020-Q4	4	1	2068
FILUSDT	2021-Q1	10	1	-4045
FILUSDT	2021-Q2	5	1	-394
FILUSDT	2021-Q3	4	1	2790
FILUSDT	2021-Q4	9	2	4062
FILUSDT	2022-Q1	5	2	616
FILUSDT	2022-Q2	4	1	2689
FILUSDT	2022-Q3	11	2	1946
FILUSDT	2022-Q4	8	3	11111
FILUSDT	2023-Q1	8	2	5517
FILUSDT	2023-Q2	11	2	-4137
FILUSDT	2023-Q3	7	2	3644
FILUSDT	2023-Q4	5	1	-4362
FILUSDT	2024-Q1	8	1	-2205
FILUSDT	2024-Q2	8	3	6117
FILUSDT	2024-Q3	8	0	-9104
FILUSDT	2024-Q4	7	2	6184
FILUSDT	2025-Q1	8	2	9720
FILUSDT	2025-Q2	12	2	97
FILUSDT	2025-Q3	10	2	-888
FILUSDT	2025-Q4	7	2	2000
FILUSDT	2026-Q1	11	1	-4276
FTMUSDT	2020-Q1	0	0	0
FTMUSDT	2020-Q2	0	0	0
FTMUSDT	2020-Q3	1	0	-1061
FTMUSDT	2020-Q4	8	2	2730
FTMUSDT	2021-Q1	7	0	-7217
FTMUSDT	2021-Q2	9	1	-4094
FTMUSDT	2021-Q3	8	1	-572
FTMUSDT	2021-Q4	5	1	-3290
FTMUSDT	2022-Q1	5	2	8718
FTMUSDT	2022-Q2	6	2	7575
FTMUSDT	2022-Q3	8	4	14481
FTMUSDT	2022-Q4	8	1	-1096
FTMUSDT	2023-Q1	4	1	645
FTMUSDT	2023-Q2	10	4	10338
FTMUSDT	2023-Q3	14	2	-6485
FTMUSDT	2023-Q4	9	1	-5908
FTMUSDT	2024-Q1	8	1	-1744
FTMUSDT	2024-Q2	7	3	1891
FTMUSDT	2024-Q3	4	1	2816
FTMUSDT	2024-Q4	8	2	5308
FTMUSDT	2025-Q1	0	0	0
FTMUSDT	2025-Q2	0	0	0
FTMUSDT	2025-Q3	0	0	0
FTMUSDT	2025-Q4	0	0	0
FTMUSDT	2026-Q1	0	0	0
GALAUSDT	2020-Q1	0	0	0
GALAUSDT	2020-Q2	0	0	0
GALAUSDT	2020-Q3	0	0	0
GALAUSDT	2020-Q4	0	0	0
GALAUSDT	2021-Q1	0	0	0
GALAUSDT	2021-Q2	0	0	0
GALAUSDT	2021-Q3	1	0	-436
GALAUSDT	2021-Q4	9	0	-8361
GALAUSDT	2022-Q1	9	2	4133
GALAUSDT	2022-Q2	5	1	1643
GALAUSDT	2022-Q3	5	2	3672
GALAUSDT	2022-Q4	8	1	-2177
GALAUSDT	2023-Q1	8	3	12398
GALAUSDT	2023-Q2	5	0	-6419
GALAUSDT	2023-Q3	8	2	5017
GALAUSDT	2023-Q4	11	0	-10280
GALAUSDT	2024-Q1	6	2	7621
GALAUSDT	2024-Q2	11	0	-12671
GALAUSDT	2024-Q3	7	2	5596
GALAUSDT	2024-Q4	8	1	-1606
GALAUSDT	2025-Q1	9	3	13600
GALAUSDT	2025-Q2	8	1	-1619
GALAUSDT	2025-Q3	6	2	5384
GALAUSDT	2025-Q4	9	0	-7667
GALAUSDT	2026-Q1	7	2	5766
GMXUSDT	2020-Q1	0	0	0
GMXUSDT	2020-Q2	0	0	0
GMXUSDT	2020-Q3	0	0	0
GMXUSDT	2020-Q4	0	0	0
GMXUSDT	2021-Q1	0	0	0
GMXUSDT	2021-Q2	0	0	0
GMXUSDT	2021-Q3	0	0	0
GMXUSDT	2021-Q4	0	0	0
GMXUSDT	2022-Q1	0	0	0
GMXUSDT	2022-Q2	0	0	0
GMXUSDT	2022-Q3	0	0	0
GMXUSDT	2022-Q4	0	0	0
GMXUSDT	2023-Q1	4	2	9690
GMXUSDT	2023-Q2	10	3	5656
GMXUSDT	2023-Q3	9	3	10033
GMXUSDT	2023-Q4	9	1	-8434
GMXUSDT	2024-Q1	7	1	-150
GMXUSDT	2024-Q2	14	1	-9117
GMXUSDT	2024-Q3	7	0	-3552
GMXUSDT	2024-Q4	12	1	-2943
GMXUSDT	2025-Q1	7	2	6294
GMXUSDT	2025-Q2	9	3	11180
GMXUSDT	2025-Q3	12	1	-12735
GMXUSDT	2025-Q4	10	1	-4265
GMXUSDT	2026-Q1	10	0	-11686
GRTUSDT	2020-Q1	0	0	0
GRTUSDT	2020-Q2	0	0	0
GRTUSDT	2020-Q3	0	0	0
GRTUSDT	2020-Q4	1	0	900
GRTUSDT	2021-Q1	8	2	841
GRTUSDT	2021-Q2	6	3	14720
GRTUSDT	2021-Q3	6	1	-3268
GRTUSDT	2021-Q4	9	1	-2778
GRTUSDT	2022-Q1	8	2	5414
GRTUSDT	2022-Q2	5	2	6755
GRTUSDT	2022-Q3	7	1	13
GRTUSDT	2022-Q4	10	2	5448
GRTUSDT	2023-Q1	8	1	-4307
GRTUSDT	2023-Q2	8	1	-2262
GRTUSDT	2023-Q3	10	2	-7105
GRTUSDT	2023-Q4	8	1	-1872
GRTUSDT	2024-Q1	5	1	1420
GRTUSDT	2024-Q2	7	4	16999
GRTUSDT	2024-Q3	7	1	715
GRTUSDT	2024-Q4	10	2	2664
GRTUSDT	2025-Q1	9	3	9592
GRTUSDT	2025-Q2	8	1	57
GRTUSDT	2025-Q3	10	1	-4405
GRTUSDT	2025-Q4	8	3	15340
GRTUSDT	2026-Q1	8	1	-1541
HBARUSDT	2020-Q1	0	0	0
HBARUSDT	2020-Q2	0	0	0
HBARUSDT	2020-Q3	0	0	0
HBARUSDT	2020-Q4	0	0	0
HBARUSDT	2021-Q1	1	0	-1034
HBARUSDT	2021-Q2	9	1	-7053
HBARUSDT	2021-Q3	9	0	-8935
HBARUSDT	2021-Q4	6	0	-4098
HBARUSDT	2022-Q1	10	1	-9287
HBARUSDT	2022-Q2	6	4	11421
HBARUSDT	2022-Q3	8	1	-6162
HBARUSDT	2022-Q4	11	2	2825
HBARUSDT	2023-Q1	9	1	-2655
HBARUSDT	2023-Q2	9	2	-65
HBARUSDT	2023-Q3	10	2	1453
HBARUSDT	2023-Q4	11	0	-13513
HBARUSDT	2024-Q1	8	2	4795
HBARUSDT	2024-Q2	9	2	2559
HBARUSDT	2024-Q3	8	1	-1159
HBARUSDT	2024-Q4	7	1	-608
HBARUSDT	2025-Q1	9	4	16800
HBARUSDT	2025-Q2	7	2	4301
HBARUSDT	2025-Q3	9	1	-2968
HBARUSDT	2025-Q4	8	3	10004
HBARUSDT	2026-Q1	11	3	8328
ICPUSDT	2020-Q1	0	0	0
ICPUSDT	2020-Q2	0	0	0
ICPUSDT	2020-Q3	0	0	0
ICPUSDT	2020-Q4	0	0	0
ICPUSDT	2021-Q1	0	0	0
ICPUSDT	2021-Q2	2	1	4916
ICPUSDT	2021-Q3	11	3	4608
ICPUSDT	2021-Q4	10	2	27
ICPUSDT	2022-Q1	8	1	-4813
ICPUSDT	2022-Q2	4	2	7359
ICPUSDT	2022-Q3	1	0	1172
ICPUSDT	2022-Q4	7	3	13333
ICPUSDT	2023-Q1	6	1	240
ICPUSDT	2023-Q2	9	3	9398
ICPUSDT	2023-Q3	11	1	-6574
ICPUSDT	2023-Q4	9	0	-10112
ICPUSDT	2024-Q1	9	2	4167
ICPUSDT	2024-Q2	10	3	2286
ICPUSDT	2024-Q3	7	0	-5887
ICPUSDT	2024-Q4	10	0	-11396
ICPUSDT	2025-Q1	7	1	1621
ICPUSDT	2025-Q2	8	1	-4905
ICPUSDT	2025-Q3	7	1	-5773
ICPUSDT	2025-Q4	8	1	-1460
ICPUSDT	2026-Q1	7	2	6462
IMXUSDT	2020-Q1	0	0	0
IMXUSDT	2020-Q2	0	0	0
IMXUSDT	2020-Q3	0	0	0
IMXUSDT	2020-Q4	0	0	0
IMXUSDT	2021-Q1	0	0	0
IMXUSDT	2021-Q2	0	0	0
IMXUSDT	2021-Q3	0	0	0
IMXUSDT	2021-Q4	0	0	0
IMXUSDT	2022-Q1	2	1	4884
IMXUSDT	2022-Q2	5	2	1633
IMXUSDT	2022-Q3	7	3	3987
IMXUSDT	2022-Q4	9	3	11070
IMXUSDT	2023-Q1	5	1	1704
IMXUSDT	2023-Q2	9	0	-10537
IMXUSDT	2023-Q3	6	1	-2054
IMXUSDT	2023-Q4	7	0	-7618
IMXUSDT	2024-Q1	6	2	7373
IMXUSDT	2024-Q2	10	1	-4413
IMXUSDT	2024-Q3	9	2	-805
IMXUSDT	2024-Q4	6	1	365
IMXUSDT	2025-Q1	12	4	11301
IMXUSDT	2025-Q2	6	3	14574
IMXUSDT	2025-Q3	9	0	-7879
IMXUSDT	2025-Q4	9	2	3706
IMXUSDT	2026-Q1	9	2	4175
INJUSDT	2020-Q1	0	0	0
INJUSDT	2020-Q2	0	0	0
INJUSDT	2020-Q3	0	0	0
INJUSDT	2020-Q4	0	0	0
INJUSDT	2021-Q1	0	0	0
INJUSDT	2021-Q2	0	0	0
INJUSDT	2021-Q3	0	0	0
INJUSDT	2021-Q4	0	0	0
INJUSDT	2022-Q1	0	0	0
INJUSDT	2022-Q2	0	0	0
INJUSDT	2022-Q3	2	1	945
INJUSDT	2022-Q4	7	1	-605
INJUSDT	2023-Q1	9	0	-9789
INJUSDT	2023-Q2	9	2	3830
INJUSDT	2023-Q3	10	2	1734
INJUSDT	2023-Q4	7	0	-7694
INJUSDT	2024-Q1	11	1	-4059
INJUSDT	2024-Q2	9	2	3880
INJUSDT	2024-Q3	5	1	1688
INJUSDT	2024-Q4	12	0	-13992
INJUSDT	2025-Q1	9	3	9581
INJUSDT	2025-Q2	7	0	-7902
INJUSDT	2025-Q3	7	1	-6405
INJUSDT	2025-Q4	10	0	-11215
INJUSDT	2026-Q1	9	3	10864
IOTAUSDT	2020-Q1	4	2	9805
IOTAUSDT	2020-Q2	10	1	-8832
IOTAUSDT	2020-Q3	9	2	3843
IOTAUSDT	2020-Q4	13	1	-13233
IOTAUSDT	2021-Q1	11	0	-12150
IOTAUSDT	2021-Q2	6	1	-3074
IOTAUSDT	2021-Q3	8	3	12339
IOTAUSDT	2021-Q4	10	1	-6284
IOTAUSDT	2022-Q1	9	1	-2970
IOTAUSDT	2022-Q2	7	2	2852
IOTAUSDT	2022-Q3	9	0	-10030
IOTAUSDT	2022-Q4	11	3	8147
IOTAUSDT	2023-Q1	6	0	-7606
IOTAUSDT	2023-Q2	8	3	3579
IOTAUSDT	2023-Q3	6	4	16625
IOTAUSDT	2023-Q4	6	1	144
IOTAUSDT	2024-Q1	7	0	-8039
IOTAUSDT	2024-Q2	11	1	-4843
IOTAUSDT	2024-Q3	9	1	-3820
IOTAUSDT	2024-Q4	6	2	7507
IOTAUSDT	2025-Q1	8	1	1344
IOTAUSDT	2025-Q2	7	2	3437
IOTAUSDT	2025-Q3	11	2	-3925
IOTAUSDT	2025-Q4	8	1	-2073
IOTAUSDT	2026-Q1	8	1	-1719
KAVAUSDT	2020-Q1	0	0	0
KAVAUSDT	2020-Q2	0	0	0
KAVAUSDT	2020-Q3	5	1	2278
KAVAUSDT	2020-Q4	8	3	7688
KAVAUSDT	2021-Q1	11	1	-4774
KAVAUSDT	2021-Q2	3	2	4889
KAVAUSDT	2021-Q3	12	3	4094
KAVAUSDT	2021-Q4	10	2	3062
KAVAUSDT	2022-Q1	7	1	-660
KAVAUSDT	2022-Q2	9	2	5725
KAVAUSDT	2022-Q3	6	2	2005
KAVAUSDT	2022-Q4	6	2	6973
KAVAUSDT	2023-Q1	8	1	-1519
KAVAUSDT	2023-Q2	10	2	4092
KAVAUSDT	2023-Q3	9	3	5508
KAVAUSDT	2023-Q4	5	1	1522
KAVAUSDT	2024-Q1	4	0	-3458
KAVAUSDT	2024-Q2	8	0	-7054
KAVAUSDT	2024-Q3	8	2	7250
KAVAUSDT	2024-Q4	6	1	2062
KAVAUSDT	2025-Q1	10	0	-11169
KAVAUSDT	2025-Q2	11	0	-12919
KAVAUSDT	2025-Q3	5	2	-339
KAVAUSDT	2025-Q4	8	2	-663
KAVAUSDT	2026-Q1	7	2	5000
LDOUSDT	2020-Q1	0	0	0
LDOUSDT	2020-Q2	0	0	0
LDOUSDT	2020-Q3	0	0	0
LDOUSDT	2020-Q4	0	0	0
LDOUSDT	2021-Q1	0	0	0
LDOUSDT	2021-Q2	0	0	0
LDOUSDT	2021-Q3	0	0	0
LDOUSDT	2021-Q4	0	0	0
LDOUSDT	2022-Q1	0	0	0
LDOUSDT	2022-Q2	0	0	0
LDOUSDT	2022-Q3	0	0	0
LDOUSDT	2022-Q4	8	2	834
LDOUSDT	2023-Q1	7	1	686
LDOUSDT	2023-Q2	11	3	8847
LDOUSDT	2023-Q3	7	3	9780
LDOUSDT	2023-Q4	11	0	-12188
LDOUSDT	2024-Q1	7	0	-7646
LDOUSDT	2024-Q2	11	0	-11060
LDOUSDT	2024-Q3	3	1	3778
LDOUSDT	2024-Q4	9	3	12829
LDOUSDT	2025-Q1	8	1	2128
LDOUSDT	2025-Q2	9	1	-5886
LDOUSDT	2025-Q3	8	0	-9237
LDOUSDT	2025-Q4	11	2	-7983
LDOUSDT	2026-Q1	10	1	-4356
LINKUSDT	2020-Q1	4	1	2846
LINKUSDT	2020-Q2	11	1	-5841
LINKUSDT	2020-Q3	6	0	-6447
LINKUSDT	2020-Q4	9	2	4232
LINKUSDT	2021-Q1	8	0	-8619
LINKUSDT	2021-Q2	9	1	-2676
LINKUSDT	2021-Q3	5	1	1410
LINKUSDT	2021-Q4	10	1	-1824
LINKUSDT	2022-Q1	4	3	10976
LINKUSDT	2022-Q2	8	3	12595
LINKUSDT	2022-Q3	9	0	-9843
LINKUSDT	2022-Q4	8	3	6740
LINKUSDT	2023-Q1	6	1	-1294
LINKUSDT	2023-Q2	8	3	7547
LINKUSDT	2023-Q3	8	2	3474
LINKUSDT	2023-Q4	11	1	-4508
LINKUSDT	2024-Q1	9	2	-1325
LINKUSDT	2024-Q2	6	0	-5722
LINKUSDT	2024-Q3	9	2	4062
LINKUSDT	2024-Q4	8	1	-1789
LINKUSDT	2025-Q1	14	3	5265
LINKUSDT	2025-Q2	7	2	2494
LINKUSDT	2025-Q3	5	0	-4839
LINKUSDT	2025-Q4	14	3	-6801
LINKUSDT	2026-Q1	9	3	10709
LTCUSDT	2020-Q1	8	1	-1713
LTCUSDT	2020-Q2	8	0	-8622
LTCUSDT	2020-Q3	9	2	3942
LTCUSDT	2020-Q4	9	0	-8771
LTCUSDT	2021-Q1	8	2	6326
LTCUSDT	2021-Q2	7	2	2790
LTCUSDT	2021-Q3	6	0	-6887
LTCUSDT	2021-Q4	10	0	-11158
LTCUSDT	2022-Q1	5	1	886
LTCUSDT	2022-Q2	7	1	-3229
LTCUSDT	2022-Q3	11	2	1577
LTCUSDT	2022-Q4	14	2	-2006
LTCUSDT	2023-Q1	8	1	-6372
LTCUSDT	2023-Q2	9	3	10736
LTCUSDT	2023-Q3	5	1	905
LTCUSDT	2023-Q4	11	2	696
LTCUSDT	2024-Q1	10	0	-11323
LTCUSDT	2024-Q2	13	2	-6371
LTCUSDT	2024-Q3	12	1	-7350
LTCUSDT	2024-Q4	12	1	-3734
LTCUSDT	2025-Q1	9	1	-5064
LTCUSDT	2025-Q2	7	3	9933
LTCUSDT	2025-Q3	7	0	-7267
LTCUSDT	2025-Q4	9	3	4995
LTCUSDT	2026-Q1	7	1	-675
MANAUSDT	2020-Q1	0	0	0
MANAUSDT	2020-Q2	0	0	0
MANAUSDT	2020-Q3	0	0	0
MANAUSDT	2020-Q4	0	0	0
MANAUSDT	2021-Q1	1	0	-1136
MANAUSDT	2021-Q2	7	2	3071
MANAUSDT	2021-Q3	8	2	6310
MANAUSDT	2021-Q4	11	0	-8152
MANAUSDT	2022-Q1	4	2	5459
MANAUSDT	2022-Q2	9	1	-977
MANAUSDT	2022-Q3	9	1	-2883
MANAUSDT	2022-Q4	6	2	4606
MANAUSDT	2023-Q1	5	0	-5563
MANAUSDT	2023-Q2	10	2	2999
MANAUSDT	2023-Q3	7	3	6254
MANAUSDT	2023-Q4	5	0	-3981
MANAUSDT	2024-Q1	8	2	320
MANAUSDT	2024-Q2	11	2	-2403
MANAUSDT	2024-Q3	8	0	-7345
MANAUSDT	2024-Q4	8	1	-2200
MANAUSDT	2025-Q1	12	1	-4533
MANAUSDT	2025-Q2	8	1	-5880
MANAUSDT	2025-Q3	11	3	6513
MANAUSDT	2025-Q4	9	3	3331
MANAUSDT	2026-Q1	8	1	-391
MKRUSDT	2020-Q1	0	0	0
MKRUSDT	2020-Q2	0	0	0
MKRUSDT	2020-Q3	1	0	-1045
MKRUSDT	2020-Q4	8	0	-9170
MKRUSDT	2021-Q1	7	1	-373
MKRUSDT	2021-Q2	7	2	5115
MKRUSDT	2021-Q3	7	2	6268
MKRUSDT	2021-Q4	12	4	9184
MKRUSDT	2022-Q1	10	2	2928
MKRUSDT	2022-Q2	6	1	-4669
MKRUSDT	2022-Q3	7	3	10768
MKRUSDT	2022-Q4	8	5	21103
MKRUSDT	2023-Q1	5	2	8784
MKRUSDT	2023-Q2	7	2	43
MKRUSDT	2023-Q3	10	1	-4372
MKRUSDT	2023-Q4	4	1	2494
MKRUSDT	2024-Q1	10	1	-3951
MKRUSDT	2024-Q2	9	2	-700
MKRUSDT	2024-Q3	11	2	1542
MKRUSDT	2024-Q4	5	3	14688
MKRUSDT	2025-Q1	5	2	8214
MKRUSDT	2025-Q2	13	1	-8054
MKRUSDT	2025-Q3	7	0	-8152
MKRUSDT	2025-Q4	0	0	0
MKRUSDT	2026-Q1	0	0	0
NEARUSDT	2020-Q1	0	0	0
NEARUSDT	2020-Q2	0	0	0
NEARUSDT	2020-Q3	0	0	0
NEARUSDT	2020-Q4	6	1	-5522
NEARUSDT	2021-Q1	12	0	-12755
NEARUSDT	2021-Q2	7	1	2967
NEARUSDT	2021-Q3	7	1	1994
NEARUSDT	2021-Q4	9	1	-5729
NEARUSDT	2022-Q1	6	1	619
NEARUSDT	2022-Q2	8	2	5172
NEARUSDT	2022-Q3	7	2	6458
NEARUSDT	2022-Q4	11	5	22113
NEARUSDT	2023-Q1	8	0	-8864
NEARUSDT	2023-Q2	7	4	11236
NEARUSDT	2023-Q3	9	3	7676
NEARUSDT	2023-Q4	6	0	-6597
NEARUSDT	2024-Q1	7	0	-7672
NEARUSDT	2024-Q2	6	0	-7046
NEARUSDT	2024-Q3	5	2	3654
NEARUSDT	2024-Q4	9	3	11206
NEARUSDT	2025-Q1	9	4	18405
NEARUSDT	2025-Q2	9	2	4073
NEARUSDT	2025-Q3	12	1	-2690
NEARUSDT	2025-Q4	7	3	774
NEARUSDT	2026-Q1	6	2	7407
OPUSDT	2020-Q1	0	0	0
OPUSDT	2020-Q2	0	0	0
OPUSDT	2020-Q3	0	0	0
OPUSDT	2020-Q4	0	0	0
OPUSDT	2021-Q1	0	0	0
OPUSDT	2021-Q2	0	0	0
OPUSDT	2021-Q3	0	0	0
OPUSDT	2021-Q4	0	0	0
OPUSDT	2022-Q1	0	0	0
OPUSDT	2022-Q2	3	0	-3168
OPUSDT	2022-Q3	10	1	-4172
OPUSDT	2022-Q4	7	0	-7956
OPUSDT	2023-Q1	6	0	-6528
OPUSDT	2023-Q2	9	2	3887
OPUSDT	2023-Q3	6	3	8744
OPUSDT	2023-Q4	8	0	-9150
OPUSDT	2024-Q1	6	1	-2777
OPUSDT	2024-Q2	7	2	-3408
OPUSDT	2024-Q3	4	1	2886
OPUSDT	2024-Q4	9	2	5146
OPUSDT	2025-Q1	11	3	7017
OPUSDT	2025-Q2	7	3	13545
OPUSDT	2025-Q3	10	1	-4535
OPUSDT	2025-Q4	8	2	2938
OPUSDT	2026-Q1	5	2	7039
PYTHUSDT	2020-Q1	0	0	0
PYTHUSDT	2020-Q2	0	0	0
PYTHUSDT	2020-Q3	0	0	0
PYTHUSDT	2020-Q4	0	0	0
PYTHUSDT	2021-Q1	0	0	0
PYTHUSDT	2021-Q2	0	0	0
PYTHUSDT	2021-Q3	0	0	0
PYTHUSDT	2021-Q4	0	0	0
PYTHUSDT	2022-Q1	0	0	0
PYTHUSDT	2022-Q2	0	0	0
PYTHUSDT	2022-Q3	0	0	0
PYTHUSDT	2022-Q4	0	0	0
PYTHUSDT	2023-Q1	0	0	0
PYTHUSDT	2023-Q2	0	0	0
PYTHUSDT	2023-Q3	0	0	0
PYTHUSDT	2023-Q4	5	0	-4066
PYTHUSDT	2024-Q1	8	0	-8745
PYTHUSDT	2024-Q2	9	3	8000
PYTHUSDT	2024-Q3	3	2	6614
PYTHUSDT	2024-Q4	7	1	570
PYTHUSDT	2025-Q1	6	3	14232
PYTHUSDT	2025-Q2	8	2	4
PYTHUSDT	2025-Q3	10	1	-3999
PYTHUSDT	2025-Q4	10	2	-1473
PYTHUSDT	2026-Q1	7	3	9047
ROSEUSDT	2020-Q1	0	0	0
ROSEUSDT	2020-Q2	0	0	0
ROSEUSDT	2020-Q3	0	0	0
ROSEUSDT	2020-Q4	0	0	0
ROSEUSDT	2021-Q1	0	0	0
ROSEUSDT	2021-Q2	0	0	0
ROSEUSDT	2021-Q3	0	0	0
ROSEUSDT	2021-Q4	0	0	0
ROSEUSDT	2022-Q1	5	2	3926
ROSEUSDT	2022-Q2	7	5	23461
ROSEUSDT	2022-Q3	11	2	1639
ROSEUSDT	2022-Q4	6	4	18223
ROSEUSDT	2023-Q1	6	1	339
ROSEUSDT	2023-Q2	9	1	-1717
ROSEUSDT	2023-Q3	11	3	3310
ROSEUSDT	2023-Q4	15	0	-16625
ROSEUSDT	2024-Q1	10	2	3397
ROSEUSDT	2024-Q2	10	1	-4196
ROSEUSDT	2024-Q3	4	2	6484
ROSEUSDT	2024-Q4	10	2	4537
ROSEUSDT	2025-Q1	7	3	13316
ROSEUSDT	2025-Q2	7	3	8537
ROSEUSDT	2025-Q3	9	1	661
ROSEUSDT	2025-Q4	10	3	7540
ROSEUSDT	2026-Q1	8	3	9705
RUNEUSDT	2020-Q1	0	0	0
RUNEUSDT	2020-Q2	0	0	0
RUNEUSDT	2020-Q3	3	0	-3164
RUNEUSDT	2020-Q4	6	0	-6259
RUNEUSDT	2021-Q1	10	1	-3814
RUNEUSDT	2021-Q2	6	2	3388
RUNEUSDT	2021-Q3	8	2	5714
RUNEUSDT	2021-Q4	9	3	13603
RUNEUSDT	2022-Q1	9	2	4501
RUNEUSDT	2022-Q2	8	3	16527
RUNEUSDT	2022-Q3	11	1	-4206
RUNEUSDT	2022-Q4	9	3	8771
RUNEUSDT	2023-Q1	9	1	-8240
RUNEUSDT	2023-Q2	5	3	7527
RUNEUSDT	2023-Q3	7	0	-8352
RUNEUSDT	2023-Q4	4	0	-4489
RUNEUSDT	2024-Q1	6	0	-5104
RUNEUSDT	2024-Q2	8	2	2278
RUNEUSDT	2024-Q3	9	2	6463
RUNEUSDT	2024-Q4	11	1	-5362
RUNEUSDT	2025-Q1	10	3	15318
RUNEUSDT	2025-Q2	9	2	2445
RUNEUSDT	2025-Q3	7	1	-6597
RUNEUSDT	2025-Q4	13	2	-6223
RUNEUSDT	2026-Q1	7	3	11703
SANDUSDT	2020-Q1	0	0	0
SANDUSDT	2020-Q2	0	0	0
SANDUSDT	2020-Q3	0	0	0
SANDUSDT	2020-Q4	0	0	0
SANDUSDT	2021-Q1	3	0	-3155
SANDUSDT	2021-Q2	7	1	-3169
SANDUSDT	2021-Q3	10	1	-4289
SANDUSDT	2021-Q4	10	1	-3717
SANDUSDT	2022-Q1	7	1	-682
SANDUSDT	2022-Q2	5	1	2007
SANDUSDT	2022-Q3	9	0	-9982
SANDUSDT	2022-Q4	7	2	5545
SANDUSDT	2023-Q1	7	0	-7752
SANDUSDT	2023-Q2	7	3	1609
SANDUSDT	2023-Q3	7	2	-2322
SANDUSDT	2023-Q4	8	0	-9307
SANDUSDT	2024-Q1	6	1	-118
SANDUSDT	2024-Q2	10	1	-8235
SANDUSDT	2024-Q3	7	1	-807
SANDUSDT	2024-Q4	8	0	-8943
SANDUSDT	2025-Q1	11	3	6105
SANDUSDT	2025-Q2	11	2	1564
SANDUSDT	2025-Q3	11	1	-5741
SANDUSDT	2025-Q4	8	3	8053
SANDUSDT	2026-Q1	8	0	-6329
SEIUSDT	2020-Q1	0	0	0
SEIUSDT	2020-Q2	0	0	0
SEIUSDT	2020-Q3	0	0	0
SEIUSDT	2020-Q4	0	0	0
SEIUSDT	2021-Q1	0	0	0
SEIUSDT	2021-Q2	0	0	0
SEIUSDT	2021-Q3	0	0	0
SEIUSDT	2021-Q4	0	0	0
SEIUSDT	2022-Q1	0	0	0
SEIUSDT	2022-Q2	0	0	0
SEIUSDT	2022-Q3	0	0	0
SEIUSDT	2022-Q4	0	0	0
SEIUSDT	2023-Q1	0	0	0
SEIUSDT	2023-Q2	0	0	0
SEIUSDT	2023-Q3	3	0	-1293
SEIUSDT	2023-Q4	4	0	-4516
SEIUSDT	2024-Q1	9	1	-4392
SEIUSDT	2024-Q2	10	3	10231
SEIUSDT	2024-Q3	4	1	2622
SEIUSDT	2024-Q4	9	1	-2799
SEIUSDT	2025-Q1	10	5	20939
SEIUSDT	2025-Q2	5	2	2454
SEIUSDT	2025-Q3	8	3	7512
SEIUSDT	2025-Q4	9	0	-10268
SEIUSDT	2026-Q1	6	1	524
SNXUSDT	2020-Q1	0	0	0
SNXUSDT	2020-Q2	0	0	0
SNXUSDT	2020-Q3	3	1	2613
SNXUSDT	2020-Q4	7	2	6489
SNXUSDT	2021-Q1	7	0	-5409
SNXUSDT	2021-Q2	8	1	-5099
SNXUSDT	2021-Q3	7	1	1150
SNXUSDT	2021-Q4	11	2	3976
SNXUSDT	2022-Q1	8	2	5139
SNXUSDT	2022-Q2	8	1	-1456
SNXUSDT	2022-Q3	11	1	-4775
SNXUSDT	2022-Q4	9	2	4095
SNXUSDT	2023-Q1	13	1	-7476
SNXUSDT	2023-Q2	7	1	-932
SNXUSDT	2023-Q3	5	1	1048
SNXUSDT	2023-Q4	6	2	8508
SNXUSDT	2024-Q1	8	0	-9124
SNXUSDT	2024-Q2	7	3	9189
SNXUSDT	2024-Q3	7	1	-640
SNXUSDT	2024-Q4	6	0	-6469
SNXUSDT	2025-Q1	10	3	9114
SNXUSDT	2025-Q2	8	1	-5246
SNXUSDT	2025-Q3	11	2	1559
SNXUSDT	2025-Q4	7	2	5697
SNXUSDT	2026-Q1	8	2	2965
SOLUSDT	2020-Q1	0	0	0
SOLUSDT	2020-Q2	0	0	0
SOLUSDT	2020-Q3	3	0	-852
SOLUSDT	2020-Q4	5	1	-3804
SOLUSDT	2021-Q1	10	0	-10864
SOLUSDT	2021-Q2	9	2	4670
SOLUSDT	2021-Q3	4	0	-2857
SOLUSDT	2021-Q4	11	2	110
SOLUSDT	2022-Q1	4	2	5024
SOLUSDT	2022-Q2	8	3	12650
SOLUSDT	2022-Q3	7	2	5950
SOLUSDT	2022-Q4	8	1	-2035
SOLUSDT	2023-Q1	5	1	1427
SOLUSDT	2023-Q2	4	2	1347
SOLUSDT	2023-Q3	7	3	5478
SOLUSDT	2023-Q4	8	0	-8621
SOLUSDT	2024-Q1	8	1	-1533
SOLUSDT	2024-Q2	8	3	9884
SOLUSDT	2024-Q3	7	1	-5431
SOLUSDT	2024-Q4	6	2	8354
SOLUSDT	2025-Q1	8	3	14792
SOLUSDT	2025-Q2	8	1	-6307
SOLUSDT	2025-Q3	7	0	-7975
SOLUSDT	2025-Q4	12	2	295
SOLUSDT	2026-Q1	7	2	9292
SUIUSDT	2020-Q1	0	0	0
SUIUSDT	2020-Q2	0	0	0
SUIUSDT	2020-Q3	0	0	0
SUIUSDT	2020-Q4	0	0	0
SUIUSDT	2021-Q1	0	0	0
SUIUSDT	2021-Q2	0	0	0
SUIUSDT	2021-Q3	0	0	0
SUIUSDT	2021-Q4	0	0	0
SUIUSDT	2022-Q1	0	0	0
SUIUSDT	2022-Q2	0	0	0
SUIUSDT	2022-Q3	0	0	0
SUIUSDT	2022-Q4	0	0	0
SUIUSDT	2023-Q1	0	0	0
SUIUSDT	2023-Q2	4	1	6554
SUIUSDT	2023-Q3	10	2	-110
SUIUSDT	2023-Q4	11	1	-5448
SUIUSDT	2024-Q1	11	1	-5302
SUIUSDT	2024-Q2	7	3	13283
SUIUSDT	2024-Q3	6	1	377
SUIUSDT	2024-Q4	9	2	4036
SUIUSDT	2025-Q1	10	2	5396
SUIUSDT	2025-Q2	5	1	-2242
SUIUSDT	2025-Q3	9	1	-3419
SUIUSDT	2025-Q4	11	1	-8789
SUIUSDT	2026-Q1	5	1	5817
TIAUSDT	2020-Q1	0	0	0
TIAUSDT	2020-Q2	0	0	0
TIAUSDT	2020-Q3	0	0	0
TIAUSDT	2020-Q4	0	0	0
TIAUSDT	2021-Q1	0	0	0
TIAUSDT	2021-Q2	0	0	0
TIAUSDT	2021-Q3	0	0	0
TIAUSDT	2021-Q4	0	0	0
TIAUSDT	2022-Q1	0	0	0
TIAUSDT	2022-Q2	0	0	0
TIAUSDT	2022-Q3	0	0	0
TIAUSDT	2022-Q4	0	0	0
TIAUSDT	2023-Q1	0	0	0
TIAUSDT	2023-Q2	0	0	0
TIAUSDT	2023-Q3	0	0	0
TIAUSDT	2023-Q4	6	0	-6314
TIAUSDT	2024-Q1	11	1	-5289
TIAUSDT	2024-Q2	8	3	6767
TIAUSDT	2024-Q3	7	1	-890
TIAUSDT	2024-Q4	7	2	5739
TIAUSDT	2025-Q1	12	2	4284
TIAUSDT	2025-Q2	7	5	24459
TIAUSDT	2025-Q3	7	1	-5939
TIAUSDT	2025-Q4	8	1	-3766
TIAUSDT	2026-Q1	10	4	16618
TRXUSDT	2020-Q1	6	2	7465
TRXUSDT	2020-Q2	7	0	-7168
TRXUSDT	2020-Q3	9	0	-9092
TRXUSDT	2020-Q4	10	1	-4402
TRXUSDT	2021-Q1	9	1	-8556
TRXUSDT	2021-Q2	8	1	-1705
TRXUSDT	2021-Q3	4	0	190
TRXUSDT	2021-Q4	10	2	5226
TRXUSDT	2022-Q1	8	3	-1797
TRXUSDT	2022-Q2	10	0	-12081
TRXUSDT	2022-Q3	10	2	-4947
TRXUSDT	2022-Q4	9	0	-11186
TRXUSDT	2023-Q1	11	1	-12887
TRXUSDT	2023-Q2	9	1	-3961
TRXUSDT	2023-Q3	10	2	253
TRXUSDT	2023-Q4	12	0	-15064
TRXUSDT	2024-Q1	9	1	-4448
TRXUSDT	2024-Q2	7	1	-1580
TRXUSDT	2024-Q3	6	2	4666
TRXUSDT	2024-Q4	5	1	859
TRXUSDT	2025-Q1	10	2	2741
TRXUSDT	2025-Q2	16	0	-20539
TRXUSDT	2025-Q3	6	2	7139
TRXUSDT	2025-Q4	8	1	-3776
TRXUSDT	2026-Q1	8	1	-6297
UNIUSDT	2020-Q1	0	0	0
UNIUSDT	2020-Q2	0	0	0
UNIUSDT	2020-Q3	1	0	-1065
UNIUSDT	2020-Q4	6	1	-1549
UNIUSDT	2021-Q1	8	1	1622
UNIUSDT	2021-Q2	11	2	2024
UNIUSDT	2021-Q3	7	2	6483
UNIUSDT	2021-Q4	13	2	1150
UNIUSDT	2022-Q1	7	2	1209
UNIUSDT	2022-Q2	12	3	5526
UNIUSDT	2022-Q3	10	2	3425
UNIUSDT	2022-Q4	8	0	-8214
UNIUSDT	2023-Q1	7	1	-6395
UNIUSDT	2023-Q2	10	3	1017
UNIUSDT	2023-Q3	7	1	-3426
UNIUSDT	2023-Q4	9	0	-10016
UNIUSDT	2024-Q1	6	1	104
UNIUSDT	2024-Q2	9	0	-7652
UNIUSDT	2024-Q3	5	1	-1175
UNIUSDT	2024-Q4	7	0	-6460
UNIUSDT	2025-Q1	7	2	1785
UNIUSDT	2025-Q2	9	1	-1947
UNIUSDT	2025-Q3	7	2	1843
UNIUSDT	2025-Q4	12	1	-6178
UNIUSDT	2026-Q1	8	2	5366
VETUSDT	2020-Q1	4	1	2766
VETUSDT	2020-Q2	12	1	-6363
VETUSDT	2020-Q3	8	2	5332
VETUSDT	2020-Q4	10	1	-3780
VETUSDT	2021-Q1	10	0	-9621
VETUSDT	2021-Q2	5	2	6010
VETUSDT	2021-Q3	5	1	-2596
VETUSDT	2021-Q4	7	0	-5472
VETUSDT	2022-Q1	7	2	2908
VETUSDT	2022-Q2	9	1	-2969
VETUSDT	2022-Q3	7	3	6600
VETUSDT	2022-Q4	6	2	2382
VETUSDT	2023-Q1	10	1	-4346
VETUSDT	2023-Q2	5	2	4782
VETUSDT	2023-Q3	7	3	7671
VETUSDT	2023-Q4	7	0	-7702
VETUSDT	2024-Q1	7	2	6042
VETUSDT	2024-Q2	6	1	204
VETUSDT	2024-Q3	7	1	-867
VETUSDT	2024-Q4	8	3	12209
VETUSDT	2025-Q1	11	3	8893
VETUSDT	2025-Q2	7	0	-7694
VETUSDT	2025-Q3	9	1	-3639
VETUSDT	2025-Q4	8	3	6897
VETUSDT	2026-Q1	9	1	79
WLDUSDT	2020-Q1	0	0	0
WLDUSDT	2020-Q2	0	0	0
WLDUSDT	2020-Q3	0	0	0
WLDUSDT	2020-Q4	0	0	0
WLDUSDT	2021-Q1	0	0	0
WLDUSDT	2021-Q2	0	0	0
WLDUSDT	2021-Q3	0	0	0
WLDUSDT	2021-Q4	0	0	0
WLDUSDT	2022-Q1	0	0	0
WLDUSDT	2022-Q2	0	0	0
WLDUSDT	2022-Q3	0	0	0
WLDUSDT	2022-Q4	0	0	0
WLDUSDT	2023-Q1	0	0	0
WLDUSDT	2023-Q2	0	0	0
WLDUSDT	2023-Q3	3	1	3432
WLDUSDT	2023-Q4	10	0	-10706
WLDUSDT	2024-Q1	8	1	-1781
WLDUSDT	2024-Q2	9	4	14013
WLDUSDT	2024-Q3	10	3	7335
WLDUSDT	2024-Q4	11	2	4865
WLDUSDT	2025-Q1	12	4	14981
WLDUSDT	2025-Q2	7	1	-619
WLDUSDT	2025-Q3	9	1	-1089
WLDUSDT	2025-Q4	7	1	-1229
WLDUSDT	2026-Q1	6	1	257
XLMUSDT	2020-Q1	4	2	9775
XLMUSDT	2020-Q2	8	0	-7004
XLMUSDT	2020-Q3	7	2	2153
XLMUSDT	2020-Q4	9	2	4109
XLMUSDT	2021-Q1	7	1	-364
XLMUSDT	2021-Q2	9	3	11638
XLMUSDT	2021-Q3	8	0	-3936
XLMUSDT	2021-Q4	9	2	-2995
XLMUSDT	2022-Q1	8	2	2867
XLMUSDT	2022-Q2	4	1	5134
XLMUSDT	2022-Q3	10	0	-10910
XLMUSDT	2022-Q4	10	4	13013
XLMUSDT	2023-Q1	7	0	-8753
XLMUSDT	2023-Q2	5	1	-4232
XLMUSDT	2023-Q3	10	3	4555
XLMUSDT	2023-Q4	6	0	-7038
XLMUSDT	2024-Q1	6	1	-4974
XLMUSDT	2024-Q2	12	3	6687
XLMUSDT	2024-Q3	11	2	1120
XLMUSDT	2024-Q4	8	1	2520
XLMUSDT	2025-Q1	9	1	-2697
XLMUSDT	2025-Q2	6	2	7188
XLMUSDT	2025-Q3	5	2	4161
XLMUSDT	2025-Q4	8	3	7678
XLMUSDT	2026-Q1	9	2	3916
XRPUSDT	2020-Q1	6	1	525
XRPUSDT	2020-Q2	8	1	-1181
XRPUSDT	2020-Q3	4	0	-3021
XRPUSDT	2020-Q4	6	1	-285
XRPUSDT	2021-Q1	9	0	-9162
XRPUSDT	2021-Q2	6	3	4261
XRPUSDT	2021-Q3	8	2	1079
XRPUSDT	2021-Q4	6	1	288
XRPUSDT	2022-Q1	10	1	-3733
XRPUSDT	2022-Q2	7	2	8357
XRPUSDT	2022-Q3	13	1	-9924
XRPUSDT	2022-Q4	9	0	-9195
XRPUSDT	2023-Q1	10	2	-3262
XRPUSDT	2023-Q2	9	1	-7949
XRPUSDT	2023-Q3	7	2	5687
XRPUSDT	2023-Q4	12	1	-8796
XRPUSDT	2024-Q1	5	1	-4198
XRPUSDT	2024-Q2	9	2	-2841
XRPUSDT	2024-Q3	10	1	-5296
XRPUSDT	2024-Q4	7	1	-2370
XRPUSDT	2025-Q1	10	3	9884
XRPUSDT	2025-Q2	9	3	10529
XRPUSDT	2025-Q3	8	3	2824
XRPUSDT	2025-Q4	11	3	4462
XRPUSDT	2026-Q1	7	2	6316
ZILUSDT	2020-Q1	0	0	0
ZILUSDT	2020-Q2	1	0	-1129
ZILUSDT	2020-Q3	9	3	2192
ZILUSDT	2020-Q4	7	1	-959
ZILUSDT	2021-Q1	7	0	-7383
ZILUSDT	2021-Q2	5	0	-5272
ZILUSDT	2021-Q3	7	2	1362
ZILUSDT	2021-Q4	8	1	-4710
ZILUSDT	2022-Q1	7	1	-539
ZILUSDT	2022-Q2	9	0	-6853
ZILUSDT	2022-Q3	8	1	-6640
ZILUSDT	2022-Q4	6	1	-1735
ZILUSDT	2023-Q1	8	0	-9108
ZILUSDT	2023-Q2	7	3	9601
ZILUSDT	2023-Q3	9	3	5798
ZILUSDT	2023-Q4	7	0	-7843
ZILUSDT	2024-Q1	6	1	-4632
ZILUSDT	2024-Q2	8	1	-2015
ZILUSDT	2024-Q3	6	2	3241
ZILUSDT	2024-Q4	6	2	7121
ZILUSDT	2025-Q1	6	1	456
ZILUSDT	2025-Q2	8	2	2205
ZILUSDT	2025-Q3	9	2	2436
ZILUSDT	2025-Q4	9	2	1870
ZILUSDT	2026-Q1	8	1	-1660
