slip_bps,n_symbols,n_profitable,total_net_usd,total_trades,total_wins,wr_pct,annual_net_usd
5,16,16,687071.99,2210,484,21.90,130127.27
10,16,16,641481.46,2210,484,21.90,121492.70
15,16,16,595890.92,2210,484,21.90,112858.13
20,16,16,550300.37,2210,484,21.90,104223.55
22,16,16,532064.17,2210,484,21.90,100769.73
25,16,16,504709.86,2210,484,21.90,95588.99
27,16,16,486473.63,2210,484,21.90,92135.16
30,16,16,459119.32,2210,484,21.90,86954.42
35,16,15,413528.77,2210,484,21.90,78319.84
40,16,15,367938.23,2210,484,21.90,69685.27
50,16,13,276757.15,2210,484,21.90,52416.13
60,16,13,185576.10,2210,484,21.90,35146.99
75,16,8,48804.46,2210,484,21.90,9243.27
100,16,5,-179148.21,2210,484,21.90,-33929.59
