symbol,days,years,total_return,vol_annualized,max_drawdown,autocorr_1d,autocorr_5d,autocorr_20d,hurst,avg_daily_range_pct,direction_persistence_1d
RUNEUSDT,1700,4.66,0.649,1.4223,-0.9608,-0.0263,-0.0268,-0.0088,0.5827,0.1078,0.4881
SOLUSDT,1685,4.62,44.1517,1.2427,-0.9628,-0.0444,-0.0186,0.0278,0.5816,0.0957,0.4943
BNBUSDT,1907,5.22,22.7886,0.8895,-0.7093,-0.0826,-0.0368,0.0248,0.5867,0.0607,0.4492
HBARUSDT,1501,4.11,-0.4957,1.0987,-0.9279,-0.1179,-0.0352,0.0061,0.5834,0.0853,0.4663
IOTAUSDT,1900,5.21,-0.3757,1.0935,-0.959,-0.0412,-0.0384,0.0109,0.557,0.086,0.4696
TRXUSDT,1928,5.28,13.2093,0.8969,-0.696,-0.1401,-0.0331,-0.0062,0.5328,0.0576,0.4738
XLMUSDT,1923,5.27,3.3223,1.0363,-0.9035,-0.0316,-0.0203,-0.0232,0.5516,0.074,0.4705
LINKUSDT,1931,5.29,4.2982,1.1126,-0.902,-0.0834,-0.0676,0.0523,0.531,0.0867,0.4701
GRTUSDT,1589,4.35,-0.7941,1.2951,-0.9771,-0.0763,-0.0667,0.0127,0.5804,0.0999,0.4795
FTMUSDT,1675,4.59,18.3707,1.4279,-0.9489,0.0255,-0.037,0.0457,0.6176,0.1075,0.4656
SNXUSDT,1721,4.72,-0.8847,1.2421,-0.9786,-0.0241,-0.0512,0.0101,0.5444,0.1025,0.4623
APEUSDT,1141,3.13,-0.9378,1.184,-0.9839,-0.059,0.0269,0.0079,0.5653,0.0905,0.4793
BLURUSDT,734,2.01,-0.8451,1.0988,-0.8933,0.0013,-0.0296,-0.0001,0.5625,0.0944,0.4821
AAVEUSDT,1658,4.54,3.166,1.1492,-0.921,-0.0076,-0.0518,0.008,0.5666,0.0933,0.4715
MKRUSDT,1717,4.7,0.8671,1.0233,-0.9159,-0.0665,-0.0553,-0.0017,0.5698,0.082,0.4653
VETUSDT,1898,5.2,2.1587,1.1501,-0.9422,-0.0836,-0.0643,0.0035,0.5684,0.0886,0.4544
ARBUSDT,770,2.11,-0.7538,0.9083,-0.883,-0.0131,0.0328,0.0541,0.5789,0.0772,0.4699
ATOMUSDT,1910,5.23,-0.1087,1.1405,-0.9192,-0.0758,-0.071,0.0112,0.5744,0.0878,0.4737
PYTHUSDT,526,1.44,-0.6493,1.1058,-0.8959,-0.0695,0.029,-0.0358,0.5414,0.1017,0.4712
BTCUSDT,1947,5.33,12.0773,0.6579,-0.7667,-0.0809,-0.0032,0.0019,0.582,0.0491,0.4571
ENJUSDT,1675,4.59,-0.4706,1.205,-0.9867,-0.0274,-0.0143,0.0354,0.5958,0.0947,0.4703
1INCHUSDT,1588,4.35,-0.9096,1.1432,-0.9794,-0.0125,-0.0657,-0.0087,0.5692,0.0905,0.4817
NEARUSDT,1654,4.53,1.1943,1.2742,-0.9511,-0.0331,-0.0229,0.0121,0.603,0.1008,0.4736
KAVAUSDT,1738,4.76,-0.8331,1.1487,-0.9681,-0.0314,-0.075,0.0088,0.5587,0.0936,0.4925
AVAXUSDT,1681,4.61,4.948,1.2033,-0.9349,0.014,0.0013,0.0029,0.6229,0.0944,0.4878
TIAUSDT,548,1.5,0.1805,1.3115,-0.8867,-0.0169,0.0052,0.0602,0.5142,0.1089,0.4817
ETHUSDT,1947,5.33,12.7246,0.8606,-0.7935,-0.0954,-0.0444,0.0015,0.5812,0.0643,0.4617
DOTUSDT,1713,4.69,-0.09,1.0317,-0.9374,-0.0322,-0.0862,0.019,0.5802,0.0809,0.478
XRPUSDT,1937,5.31,8.8374,1.0724,-0.8329,-0.0377,0.0062,-0.0241,0.537,0.0766,0.434
GMXUSDT,804,2.2,-0.8261,0.892,-0.8842,0.0536,-0.0055,0.0122,0.5662,0.0753,0.4925
BCHUSDT,1947,5.33,0.7892,1.0223,-0.9425,-0.0944,-0.0316,0.0432,0.5649,0.0742,0.4477
ZILUSDT,1773,4.86,-0.3887,1.1811,-0.9595,-0.0636,-0.0706,0.0092,0.584,0.0898,0.478
LDOUSDT,952,2.61,-0.5376,1.141,-0.8342,-0.056,-0.0257,-0.0331,0.5328,0.0928,0.4778
DYDXUSDT,1329,3.64,-0.9384,1.1886,-0.9808,0.0104,0.0076,-0.0323,0.5881,0.0989,0.476
UNIUSDT,1686,4.62,-0.236,1.1394,-0.9157,-0.06,-0.0737,0.0083,0.5724,0.0893,0.4524
DOGEUSDT,1756,4.81,47.7044,1.4305,-0.9235,0.0283,-0.0303,0.0045,0.5753,0.088,0.4513
SEIUSDT,623,1.71,0.234,1.1954,-0.8666,-0.0083,-0.0096,0.0338,0.5679,0.1008,0.5057
1000SHIBUSDT,1452,3.98,-0.6202,1.2088,-0.917,-0.018,-0.0384,0.0295,0.622,0.0887,0.455
IMXUSDT,1170,3.21,-0.7569,1.1226,-0.8973,-0.0531,0.0139,0.0022,0.5657,0.0934,0.482
INJUSDT,988,2.71,4.0334,1.1286,-0.866,-0.0198,0.0276,-0.0291,0.5848,0.0952,0.4959
ROSEUSDT,1212,3.32,-0.9313,1.0691,-0.9629,0.0104,-0.0018,0.0127,0.5912,0.0863,0.4502
GALAUSDT,1321,3.62,-0.8541,1.3382,-0.9829,-0.0029,0.0017,0.0097,0.6354,0.1005,0.453
MANAUSDT,1503,4.12,-0.7009,1.2267,-0.9604,0.0496,-0.0636,0.0369,0.5858,0.0881,0.4675
OPUSDT,1065,2.92,-0.409,1.2357,-0.8743,0.0215,0.0664,0.0371,0.5956,0.0957,0.4588
ICPUSDT,1425,3.9,-0.9865,1.1012,-0.9921,-0.0251,-0.063,0.0486,0.588,0.0865,0.4767
AXSUSDT,1623,4.45,3.9925,1.3274,-0.9866,-0.0075,-0.0324,0.0531,0.5642,0.1005,0.483
ENSUSDT,1248,3.42,-0.7357,1.1585,-0.9039,-0.0132,-0.0395,-0.0069,0.576,0.0923,0.4638
SUIUSDT,729,2.0,1.5148,1.0904,-0.7428,-0.0035,-0.0144,0.0057,0.5542,0.0945,0.451
WLDUSDT,647,1.77,-0.4779,1.3714,-0.9472,-0.0018,0.0085,-0.011,0.5637,0.1129,0.4729
ADAUSDT,1917,5.25,11.6434,1.0375,-0.9185,-0.0732,-0.0334,0.02,0.582,0.0792,0.4772
FILUSDT,1653,4.53,-0.9087,1.1263,-0.9882,-0.0293,-0.0211,0.0032,0.5832,0.0863,0.4779
SANDUSDT,1552,4.25,2.1751,1.3192,-0.9697,0.0047,-0.0079,0.0062,0.5951,0.098,0.4689
CHZUSDT,1561,4.28,1.176,1.2623,-0.9541,0.0142,0.0569,0.0108,0.6087,0.0945,0.4586
LTCUSDT,1934,5.3,0.8663,0.937,-0.8882,-0.071,-0.0385,0.032,0.5405,0.0725,0.4663
APTUSDT,925,2.53,-0.268,1.0463,-0.7631,-0.0024,0.0553,0.0202,0.6093,0.0849,0.4919
ETCUSDT,1932,5.29,0.9652,1.0599,-0.8981,0.0015,-0.0213,0.0958,0.5924,0.0796,0.4637
CRVUSDT,1703,4.67,-0.8671,1.4173,-0.9679,-0.0316,-0.0011,0.0275,0.5984,0.1108,0.4718
